x;y
-10.0;-1054.0
-9.99;-1050.952999
-9.98;-1047.911992
-9.97;-1044.8769730000001
-9.96;-1041.8479360000003
-9.950000000000001;-1038.8248750000005
-9.940000000000001;-1035.8077840000003
-9.930000000000001;-1032.7966570000006
-9.920000000000002;-1029.7914880000005
-9.910000000000002;-1026.7922710000005
-9.900000000000002;-1023.7990000000007
-9.890000000000002;-1020.8116690000007
-9.880000000000003;-1017.8302720000007
-9.870000000000003;-1014.8548030000009
-9.860000000000003;-1011.8852560000009
-9.850000000000003;-1008.921625000001
-9.840000000000003;-1005.963904000001
-9.830000000000004;-1003.012087000001
-9.820000000000004;-1000.0661680000011
-9.810000000000004;-997.1261410000012
-9.800000000000004;-994.1920000000013
-9.790000000000004;-991.2637390000014
-9.780000000000005;-988.3413520000013
-9.770000000000005;-985.4248330000014
-9.760000000000005;-982.5141760000015
-9.750000000000005;-979.6093750000015
-9.740000000000006;-976.7104240000016
-9.730000000000006;-973.8173170000016
-9.720000000000006;-970.9300480000018
-9.710000000000006;-968.0486110000019
-9.700000000000006;-965.1730000000018
-9.690000000000007;-962.3032090000019
-9.680000000000007;-959.439232000002
-9.670000000000007;-956.581063000002
-9.660000000000007;-953.7286960000021
-9.650000000000007;-950.8821250000021
-9.640000000000008;-948.0413440000021
-9.630000000000008;-945.2063470000023
-9.620000000000008;-942.3771280000022
-9.610000000000008;-939.5536810000024
-9.600000000000009;-936.7360000000024
-9.590000000000009;-933.9240790000025
-9.580000000000009;-931.1179120000025
-9.57000000000001;-928.3174930000025
-9.56000000000001;-925.5228160000026
-9.55000000000001;-922.7338750000026
-9.54000000000001;-919.9506640000027
-9.53000000000001;-917.1731770000029
-9.52000000000001;-914.4014080000028
-9.51000000000001;-911.6353510000029
-9.50000000000001;-908.875000000003
-9.49000000000001;-906.120349000003
-9.480000000000011;-903.3713920000031
-9.470000000000011;-900.628123000003
-9.460000000000012;-897.8905360000032
-9.450000000000012;-895.1586250000032
-9.440000000000012;-892.4323840000033
-9.430000000000012;-889.7118070000033
-9.420000000000012;-886.9968880000033
-9.410000000000013;-884.2876210000034
-9.400000000000013;-881.5840000000035
-9.390000000000013;-878.8860190000034
-9.380000000000013;-876.1936720000036
-9.370000000000013;-873.5069530000036
-9.360000000000014;-870.8258560000037
-9.350000000000014;-868.1503750000037
-9.340000000000014;-865.4805040000037
-9.330000000000014;-862.8162370000039
-9.320000000000014;-860.1575680000038
-9.310000000000015;-857.5044910000039
-9.300000000000015;-854.857000000004
-9.290000000000015;-852.215089000004
-9.280000000000015;-849.5787520000041
-9.270000000000016;-846.9479830000041
-9.260000000000016;-844.3227760000042
-9.250000000000016;-841.7031250000042
-9.240000000000016;-839.0890240000042
-9.230000000000016;-836.4804670000043
-9.220000000000017;-833.8774480000043
-9.210000000000017;-831.2799610000044
-9.200000000000017;-828.6880000000044
-9.190000000000017;-826.1015590000044
-9.180000000000017;-823.5206320000045
-9.170000000000018;-820.9452130000046
-9.160000000000018;-818.3752960000046
-9.150000000000018;-815.8108750000047
-9.140000000000018;-813.2519440000046
-9.130000000000019;-810.6984970000047
-9.120000000000019;-808.1505280000048
-9.110000000000019;-805.6080310000048
-9.10000000000002;-803.0710000000049
-9.09000000000002;-800.5394290000048
-9.08000000000002;-798.0133120000049
-9.07000000000002;-795.492643000005
-9.06000000000002;-792.977416000005
-9.05000000000002;-790.4676250000051
-9.04000000000002;-787.9632640000052
-9.03000000000002;-785.4643270000051
-9.020000000000021;-782.9708080000053
-9.010000000000021;-780.4827010000052
-9.000000000000021;-778.0000000000053
-8.990000000000022;-775.5226990000053
-8.980000000000022;-773.0507920000053
-8.970000000000022;-770.5842730000054
-8.960000000000022;-768.1231360000054
-8.950000000000022;-765.6673750000054
-8.940000000000023;-763.2169840000056
-8.930000000000023;-760.7719570000055
-8.920000000000023;-758.3322880000056
-8.910000000000023;-755.8979710000056
-8.900000000000023;-753.4690000000057
-8.890000000000024;-751.0453690000057
-8.880000000000024;-748.6270720000057
-8.870000000000024;-746.2141030000058
-8.860000000000024;-743.8064560000059
-8.850000000000025;-741.4041250000058
-8.840000000000025;-739.0071040000059
-8.830000000000025;-736.615387000006
-8.820000000000025;-734.228968000006
-8.810000000000025;-731.8478410000059
-8.800000000000026;-729.472000000006
-8.790000000000026;-727.1014390000062
-8.780000000000026;-724.7361520000061
-8.770000000000026;-722.3761330000062
-8.760000000000026;-720.0213760000063
-8.750000000000027;-717.6718750000063
-8.740000000000027;-715.3276240000063
-8.730000000000027;-712.9886170000062
-8.720000000000027;-710.6548480000064
-8.710000000000027;-708.3263110000064
-8.700000000000028;-706.0030000000064
-8.690000000000028;-703.6849090000065
-8.680000000000028;-701.3720320000065
-8.670000000000028;-699.0643630000066
-8.660000000000029;-696.7618960000066
-8.650000000000029;-694.4646250000065
-8.640000000000029;-692.1725440000066
-8.63000000000003;-689.8856470000067
-8.62000000000003;-687.6039280000067
-8.61000000000003;-685.3273810000068
-8.60000000000003;-683.0560000000067
-8.59000000000003;-680.7897790000068
-8.58000000000003;-678.5287120000069
-8.57000000000003;-676.2727930000068
-8.56000000000003;-674.0220160000069
-8.550000000000031;-671.7763750000069
-8.540000000000031;-669.535864000007
-8.530000000000031;-667.300477000007
-8.520000000000032;-665.070208000007
-8.510000000000032;-662.8450510000071
-8.500000000000032;-660.625000000007
-8.490000000000032;-658.4100490000071
-8.480000000000032;-656.2001920000072
-8.470000000000033;-653.9954230000071
-8.460000000000033;-651.7957360000072
-8.450000000000033;-649.6011250000072
-8.440000000000033;-647.4115840000072
-8.430000000000033;-645.2271070000073
-8.420000000000034;-643.0476880000073
-8.410000000000034;-640.8733210000074
-8.400000000000034;-638.7040000000075
-8.390000000000034;-636.5397190000074
-8.380000000000035;-634.3804720000074
-8.370000000000035;-632.2262530000074
-8.360000000000035;-630.0770560000075
-8.350000000000035;-627.9328750000076
-8.340000000000035;-625.7937040000076
-8.330000000000036;-623.6595370000076
-8.320000000000036;-621.5303680000076
-8.310000000000036;-619.4061910000077
-8.300000000000036;-617.2870000000078
-8.290000000000036;-615.1727890000077
-8.280000000000037;-613.0635520000077
-8.270000000000037;-610.9592830000078
-8.260000000000037;-608.8599760000078
-8.250000000000037;-606.7656250000078
-8.240000000000038;-604.6762240000078
-8.230000000000038;-602.5917670000078
-8.220000000000038;-600.512248000008
-8.210000000000038;-598.4376610000079
-8.200000000000038;-596.368000000008
-8.190000000000039;-594.3032590000079
-8.180000000000039;-592.2434320000079
-8.170000000000039;-590.188513000008
-8.16000000000004;-588.138496000008
-8.15000000000004;-586.0933750000081
-8.14000000000004;-584.053144000008
-8.13000000000004;-582.0177970000082
-8.12000000000004;-579.9873280000082
-8.11000000000004;-577.9617310000082
-8.10000000000004;-575.9410000000082
-8.09000000000004;-573.9251290000082
-8.080000000000041;-571.9141120000082
-8.070000000000041;-569.9079430000082
-8.060000000000041;-567.9066160000083
-8.050000000000042;-565.9101250000083
-8.040000000000042;-563.9184640000083
-8.030000000000042;-561.9316270000083
-8.020000000000042;-559.9496080000084
-8.010000000000042;-557.9724010000084
-8.000000000000043;-556.0000000000084
-7.990000000000043;-554.0323990000084
-7.980000000000043;-552.0695920000085
-7.970000000000043;-550.1115730000084
-7.9600000000000435;-548.1583360000085
-7.950000000000044;-546.2098750000085
-7.940000000000044;-544.2661840000085
-7.930000000000044;-542.3272570000086
-7.920000000000044;-540.3930880000086
-7.9100000000000446;-538.4636710000086
-7.900000000000045;-536.5390000000086
-7.890000000000045;-534.6190690000086
-7.880000000000045;-532.7038720000087
-7.870000000000045;-530.7934030000087
-7.860000000000046;-528.8876560000086
-7.850000000000046;-526.9866250000086
-7.840000000000046;-525.0903040000087
-7.830000000000046;-523.1986870000087
-7.8200000000000465;-521.3117680000088
-7.810000000000047;-519.4295410000087
-7.800000000000047;-517.5520000000088
-7.790000000000047;-515.6791390000087
-7.780000000000047;-513.8109520000088
-7.7700000000000475;-511.94743300000886
-7.760000000000048;-510.08857600000886
-7.750000000000048;-508.23437500000887
-7.740000000000048;-506.38482400000885
-7.730000000000048;-504.5399170000089
-7.720000000000049;-502.69964800000895
-7.710000000000049;-500.86401100000893
-7.700000000000049;-499.03300000000894
-7.690000000000049;-497.20660900000894
-7.6800000000000495;-495.384832000009
-7.67000000000005;-493.567663000009
-7.66000000000005;-491.755096000009
-7.65000000000005;-489.947125000009
-7.64000000000005;-488.14374400000906
-7.6300000000000505;-486.3449470000091
-7.620000000000051;-484.5507280000091
-7.610000000000051;-482.7610810000091
-7.600000000000051;-480.9760000000091
-7.590000000000051;-479.19547900000913
-7.580000000000052;-477.41951200000915
-7.570000000000052;-475.64809300000917
-7.560000000000052;-473.88121600000915
-7.550000000000052;-472.1188750000092
-7.540000000000052;-470.3610640000092
-7.530000000000053;-468.6077770000092
-7.520000000000053;-466.8590080000092
-7.510000000000053;-465.1147510000093
-7.500000000000053;-463.37500000000927
-7.4900000000000535;-461.63974900000926
-7.480000000000054;-459.9089920000093
-7.470000000000054;-458.1827230000093
-7.460000000000054;-456.46093600000927
-7.450000000000054;-454.74362500000933
-7.440000000000055;-453.03078400000936
-7.430000000000055;-451.3224070000093
-7.420000000000055;-449.6184880000094
-7.410000000000055;-447.91902100000937
-7.400000000000055;-446.22400000000937
-7.390000000000056;-444.53341900000936
-7.380000000000056;-442.8472720000094
-7.370000000000056;-441.16555300000937
-7.360000000000056;-439.4882560000094
-7.3500000000000565;-437.81537500000945
-7.340000000000057;-436.14690400000944
-7.330000000000057;-434.48283700000945
-7.320000000000057;-432.8231680000095
-7.310000000000057;-431.1678910000095
-7.3000000000000576;-429.5170000000095
-7.290000000000058;-427.87048900000946
-7.280000000000058;-426.2283520000095
-7.270000000000058;-424.59058300000953
-7.260000000000058;-422.95717600000955
-7.250000000000059;-421.32812500000955
-7.240000000000059;-419.70342400000953
-7.230000000000059;-418.0830670000096
-7.220000000000059;-416.4670480000096
-7.2100000000000595;-414.85536100000957
-7.20000000000006;-413.24800000000954
-7.19000000000006;-411.64495900000964
-7.18000000000006;-410.04623200000964
-7.17000000000006;-408.4518130000096
-7.1600000000000605;-406.8616960000096
-7.150000000000061;-405.2758750000096
-7.140000000000061;-403.69434400000966
-7.130000000000061;-402.11709700000966
-7.120000000000061;-400.54412800000966
-7.110000000000062;-398.9754310000096
-7.100000000000062;-397.4110000000096
-7.090000000000062;-395.8508290000097
-7.080000000000062;-394.2949120000097
-7.0700000000000625;-392.74324300000967
-7.060000000000063;-391.19581600000964
-7.050000000000063;-389.6526250000097
-7.040000000000063;-388.1136640000097
-7.030000000000063;-386.5789270000097
-7.0200000000000635;-385.0484080000097
-7.010000000000064;-383.5221010000097
-7.000000000000064;-382.0000000000097
-6.990000000000064;-380.4820990000097
-6.980000000000064;-378.9683920000097
-6.970000000000065;-377.4588730000097
-6.960000000000065;-375.95353600000976
-6.950000000000065;-374.45237500000974
-6.940000000000065;-372.95538400000976
-6.930000000000065;-371.4625570000097
-6.920000000000066;-369.97388800000977
-6.910000000000066;-368.4893710000098
-6.900000000000066;-367.0090000000098
-6.890000000000066;-365.53276900000975
-6.8800000000000665;-364.0606720000098
-6.870000000000067;-362.5927030000098
-6.860000000000067;-361.1288560000098
-6.850000000000067;-359.6691250000098
-6.840000000000067;-358.2135040000098
-6.830000000000068;-356.76198700000975
-6.820000000000068;-355.3145680000098
-6.810000000000068;-353.87124100000983
-6.800000000000068;-352.4320000000098
-6.790000000000068;-350.9968390000098
-6.780000000000069;-349.56575200000987
-6.770000000000069;-348.13873300000984
-6.760000000000069;-346.71577600000984
-6.750000000000069;-345.29687500000983
-6.7400000000000695;-343.8820240000098
-6.73000000000007;-342.4712170000098
-6.72000000000007;-341.06444800000986
-6.71000000000007;-339.6617110000098
-6.70000000000007;-338.2630000000098
-6.690000000000071;-336.8683090000098
-6.680000000000071;-335.47763200000986
-6.670000000000071;-334.0909630000098
-6.660000000000071;-332.70829600000985
-6.650000000000071;-331.3296250000098
-6.640000000000072;-329.95494400000985
-6.630000000000072;-328.58424700000984
-6.620000000000072;-327.21752800000985
-6.610000000000072;-325.85478100000984
-6.6000000000000725;-324.4960000000098
-6.590000000000073;-323.14117900000986
-6.580000000000073;-321.79031200000986
-6.570000000000073;-320.44339300000985
-6.560000000000073;-319.10041600000983
-6.5500000000000735;-317.7613750000098
-6.540000000000074;-316.42626400000984
-6.530000000000074;-315.09507700000984
-6.520000000000074;-313.76780800000984
-6.510000000000074;-312.4444510000098
-6.500000000000075;-311.1250000000098
-6.490000000000075;-309.80944900000986
-6.480000000000075;-308.49779200000984
-6.470000000000075;-307.19002300000983
-6.4600000000000755;-305.88613600000986
-6.450000000000076;-304.5861250000098
-6.440000000000076;-303.28998400000984
-6.430000000000076;-301.9977070000098
-6.420000000000076;-300.7092880000098
-6.4100000000000765;-299.42472100000987
-6.400000000000077;-298.14400000000984
-6.390000000000077;-296.86711900000984
-6.380000000000077;-295.5940720000098
-6.370000000000077;-294.3248530000098
-6.360000000000078;-293.05945600000985
-6.350000000000078;-291.7978750000098
-6.340000000000078;-290.5401040000098
-6.330000000000078;-289.2861370000098
-6.320000000000078;-288.0359680000098
-6.310000000000079;-286.7895910000098
-6.300000000000079;-285.5470000000098
-6.290000000000079;-284.3081890000098
-6.280000000000079;-283.07315200000977
-6.2700000000000795;-281.8418830000098
-6.26000000000008;-280.61437600000977
-6.25000000000008;-279.3906250000098
-6.24000000000008;-278.17062400000975
-6.23000000000008;-276.95436700000977
-6.220000000000081;-275.7418480000098
-6.210000000000081;-274.53306100000975
-6.200000000000081;-273.32800000000975
-6.190000000000081;-272.12665900000974
-6.180000000000081;-270.9290320000097
-6.170000000000082;-269.73511300000973
-6.160000000000082;-268.5448960000097
-6.150000000000082;-267.35837500000974
-6.140000000000082;-266.1755440000097
-6.1300000000000825;-264.9963970000097
-6.120000000000083;-263.8209280000097
-6.110000000000083;-262.64913100000973
-6.100000000000083;-261.4810000000097
-6.090000000000083;-260.3165290000097
-6.080000000000084;-259.15571200000966
-6.070000000000084;-257.9985430000097
-6.060000000000084;-256.84501600000965
-6.050000000000084;-255.69512500000968
-6.040000000000084;-254.54886400000964
-6.030000000000085;-253.40622700000966
-6.020000000000085;-252.26720800000965
-6.010000000000085;-251.13180100000966
-6.000000000000085;-250.00000000000963
-5.9900000000000855;-248.87179900000962
-5.980000000000086;-247.74719200000962
-5.970000000000086;-246.6261730000096
-5.960000000000086;-245.5087360000096
-5.950000000000086;-244.3948750000096
-5.9400000000000865;-243.2845840000096
-5.930000000000087;-242.1778570000096
-5.920000000000087;-241.0746880000096
-5.910000000000087;-239.97507100000956
-5.900000000000087;-238.87900000000954
-5.890000000000088;-237.78646900000956
-5.880000000000088;-236.69747200000955
-5.870000000000088;-235.61200300000954
-5.860000000000088;-234.53005600000952
-5.8500000000000885;-233.45162500000953
-5.840000000000089;-232.3767040000095
-5.830000000000089;-231.3052870000095
-5.820000000000089;-230.2373680000095
-5.810000000000089;-229.17294100000947
-5.8000000000000895;-228.1120000000095
-5.79000000000009;-227.05453900000947
-5.78000000000009;-226.00055200000946
-5.77000000000009;-224.95003300000946
-5.76000000000009;-223.90297600000946
-5.750000000000091;-222.85937500000944
-5.740000000000091;-221.81922400000943
-5.730000000000091;-220.78251700000942
-5.720000000000091;-219.7492480000094
-5.7100000000000914;-218.71941100000942
-5.700000000000092;-217.6930000000094
-5.690000000000092;-216.67000900000937
-5.680000000000092;-215.65043200000937
-5.670000000000092;-214.63426300000935
-5.6600000000000925;-213.62149600000936
-5.650000000000093;-212.61212500000934
-5.640000000000093;-211.60614400000935
-5.630000000000093;-210.6035470000093
-5.620000000000093;-209.60432800000933
-5.610000000000094;-208.6084810000093
-5.600000000000094;-207.6160000000093
-5.590000000000094;-206.6268790000093
-5.580000000000094;-205.64111200000926
-5.570000000000094;-204.65869300000927
-5.560000000000095;-203.67961600000925
-5.550000000000095;-202.70387500000925
-5.540000000000095;-201.73146400000923
-5.530000000000095;-200.76237700000922
-5.5200000000000955;-199.7966080000092
-5.510000000000096;-198.83415100000917
-5.500000000000096;-197.87500000000918
-5.490000000000096;-196.91914900000916
-5.480000000000096;-195.96659200000917
-5.470000000000097;-195.01732300000916
-5.460000000000097;-194.07133600000915
-5.450000000000097;-193.12862500000912
-5.440000000000097;-192.1891840000091
-5.430000000000097;-191.2530070000091
-5.420000000000098;-190.3200880000091
-5.410000000000098;-189.3904210000091
-5.400000000000098;-188.46400000000907
-5.390000000000098;-187.54081900000907
-5.3800000000000985;-186.62087200000903
-5.370000000000099;-185.70415300000906
-5.360000000000099;-184.79065600000902
-5.350000000000099;-183.880375000009
-5.340000000000099;-182.973304000009
-5.3300000000000995;-182.06943700000897
-5.3200000000001;-181.16876800000898
-5.3100000000001;-180.27129100000894
-5.3000000000001;-179.37700000000896
-5.2900000000001;-178.48588900000894
-5.280000000000101;-177.59795200000895
-5.270000000000101;-176.7131830000089
-5.260000000000101;-175.83157600000888
-5.250000000000101;-174.9531250000089
-5.2400000000001015;-174.07782400000886
-5.230000000000102;-173.20566700000887
-5.220000000000102;-172.33664800000884
-5.210000000000102;-171.47076100000885
-5.200000000000102;-170.60800000000881
-5.1900000000001025;-169.7483590000088
-5.180000000000103;-168.89183200000878
-5.170000000000103;-168.03841300000877
-5.160000000000103;-167.18809600000876
-5.150000000000103;-166.34087500000874
-5.140000000000104;-165.49674400000873
-5.130000000000104;-164.6556970000087
-5.120000000000104;-163.81772800000869
-5.110000000000104;-162.9828310000087
-5.1000000000001044;-162.15100000000865
-5.090000000000105;-161.32222900000866
-5.080000000000105;-160.49651200000864
-5.070000000000105;-159.67384300000865
-5.060000000000105;-158.85421600000862
-5.0500000000001055;-158.03762500000857
-5.040000000000106;-157.22406400000858
-5.030000000000106;-156.41352700000857
-5.020000000000106;-155.60600800000856
-5.010000000000106;-154.80150100000853
-5.000000000000107;-154.00000000000853
-4.990000000000107;-153.2014990000085
-4.980000000000107;-152.4059920000085
-4.970000000000107;-151.61347300000847
-4.960000000000107;-150.82393600000847
-4.950000000000108;-150.03737500000847
-4.940000000000108;-149.25378400000844
-4.930000000000108;-148.47315700000843
-4.920000000000108;-147.6954880000084
-4.9100000000001085;-146.9207710000084
-4.900000000000109;-146.14900000000839
-4.890000000000109;-145.38016900000835
-4.880000000000109;-144.61427200000833
-4.870000000000109;-143.85130300000833
-4.86000000000011;-143.09125600000831
-4.85000000000011;-142.3341250000083
-4.84000000000011;-141.57990400000827
-4.83000000000011;-140.82858700000827
-4.82000000000011;-140.08016800000826
-4.810000000000111;-139.33464100000822
-4.800000000000111;-138.59200000000823
-4.790000000000111;-137.85223900000818
-4.780000000000111;-137.1153520000082
-4.7700000000001115;-136.38133300000817
-4.760000000000112;-135.65017600000814
-4.750000000000112;-134.92187500000813
-4.740000000000112;-134.1964240000081
-4.730000000000112;-133.4738170000081
-4.7200000000001125;-132.75404800000808
-4.710000000000113;-132.03711100000805
-4.700000000000113;-131.32300000000805
-4.690000000000113;-130.61170900000803
-4.680000000000113;-129.90323200000802
-4.670000000000114;-129.19756300000802
-4.660000000000114;-128.494696000008
-4.650000000000114;-127.79462500000797
-4.640000000000114;-127.09734400000795
-4.6300000000001145;-126.40284700000794
-4.620000000000115;-125.71112800000792
-4.610000000000115;-125.02218100000789
-4.600000000000115;-124.33600000000789
-4.590000000000115;-123.65257900000788
-4.5800000000001155;-122.97191200000785
-4.570000000000116;-122.29399300000783
-4.560000000000116;-121.61881600000781
-4.550000000000116;-120.94637500000779
-4.540000000000116;-120.27666400000778
-4.530000000000117;-119.60967700000776
-4.520000000000117;-118.94540800000775
-4.510000000000117;-118.28385100000773
-4.500000000000117;-117.6250000000077
-4.4900000000001175;-116.9688490000077
-4.480000000000118;-116.31539200000768
-4.470000000000118;-115.66462300000765
-4.460000000000118;-115.01653600000765
-4.450000000000118;-114.37112500000762
-4.4400000000001185;-113.7283840000076
-4.430000000000119;-113.08830700000757
-4.420000000000119;-112.45088800000757
-4.410000000000119;-111.81612100000754
-4.400000000000119;-111.18400000000753
-4.39000000000012;-110.55451900000752
-4.38000000000012;-109.92767200000749
-4.37000000000012;-109.30345300000747
-4.36000000000012;-108.68185600000746
-4.35000000000012;-108.06287500000744
-4.340000000000121;-107.44650400000742
-4.330000000000121;-106.8327370000074
-4.320000000000121;-106.22156800000738
-4.310000000000121;-105.61299100000737
-4.3000000000001215;-105.00700000000735
-4.290000000000122;-104.40358900000732
-4.280000000000122;-103.8027520000073
-4.270000000000122;-103.20448300000729
-4.260000000000122;-102.60877600000727
-4.250000000000123;-102.01562500000725
-4.240000000000123;-101.42502400000724
-4.230000000000123;-100.83696700000722
-4.220000000000123;-100.2514480000072
-4.210000000000123;-99.66846100000717
-4.200000000000124;-99.08800000000716
-4.190000000000124;-98.51005900000715
-4.180000000000124;-97.93463200000711
-4.170000000000124;-97.3617130000071
-4.1600000000001245;-96.79129600000708
-4.150000000000125;-96.22337500000707
-4.140000000000125;-95.65794400000705
-4.130000000000125;-95.09499700000703
-4.120000000000125;-94.53452800000701
-4.1100000000001256;-93.97653100000699
-4.100000000000126;-93.42100000000697
-4.090000000000126;-92.86792900000695
-4.080000000000126;-92.31731200000694
-4.070000000000126;-91.76914300000692
-4.060000000000127;-91.22341600000689
-4.050000000000127;-90.68012500000688
-4.040000000000127;-90.13926400000685
-4.030000000000127;-89.60082700000683
-4.0200000000001275;-89.06480800000682
-4.010000000000128;-88.5312010000068
-4.000000000000128;-88.00000000000678
-3.990000000000128;-87.47119900000676
-3.9800000000001283;-86.94479200000674
-3.9700000000001285;-86.42077300000672
-3.9600000000001288;-85.8991360000067
-3.950000000000129;-85.37987500000668
-3.940000000000129;-84.86298400000666
-3.9300000000001294;-84.34845700000665
-3.9200000000001296;-83.83628800000662
-3.91000000000013;-83.3264710000066
-3.90000000000013;-82.81900000000658
-3.8900000000001302;-82.31386900000656
-3.8800000000001305;-81.81107200000655
-3.8700000000001307;-81.31060300000652
-3.860000000000131;-80.8124560000065
-3.850000000000131;-80.31662500000648
-3.8400000000001313;-79.82310400000647
-3.8300000000001315;-79.33188700000645
-3.8200000000001317;-78.84296800000642
-3.810000000000132;-78.35634100000641
-3.800000000000132;-77.87200000000638
-3.7900000000001324;-77.38993900000636
-3.7800000000001326;-76.91015200000635
-3.770000000000133;-76.43263300000632
-3.760000000000133;-75.9573760000063
-3.7500000000001332;-75.48437500000628
-3.7400000000001334;-75.01362400000626
-3.7300000000001337;-74.54511700000624
-3.720000000000134;-74.07884800000622
-3.710000000000134;-73.6148110000062
-3.7000000000001343;-73.15300000000619
-3.6900000000001345;-72.69340900000617
-3.6800000000001347;-72.23603200000615
-3.670000000000135;-71.78086300000612
-3.660000000000135;-71.3278960000061
-3.6500000000001354;-70.87712500000609
-3.6400000000001356;-70.42854400000607
-3.630000000000136;-69.98214700000605
-3.620000000000136;-69.53792800000603
-3.610000000000136;-69.095881000006
-3.6000000000001364;-68.65600000000599
-3.5900000000001366;-68.21827900000596
-3.580000000000137;-67.78271200000594
-3.570000000000137;-67.34929300000593
-3.5600000000001373;-66.9180160000059
-3.5500000000001375;-66.48887500000589
-3.5400000000001377;-66.06186400000587
-3.530000000000138;-65.63697700000584
-3.520000000000138;-65.21420800000583
-3.5100000000001383;-64.7935510000058
-3.5000000000001386;-64.37500000000578
-3.4900000000001388;-63.95854900000576
-3.480000000000139;-63.544192000005744
-3.470000000000139;-63.13192300000573
-3.4600000000001394;-62.721736000005706
-3.4500000000001396;-62.31362500000568
-3.44000000000014;-61.90758400000566
-3.43000000000014;-61.503607000005644
-3.4200000000001403;-61.10168800000562
-3.4100000000001405;-60.7018210000056
-3.4000000000001407;-60.30400000000558
-3.390000000000141;-59.908219000005566
-3.380000000000141;-59.51447200000554
-3.3700000000001413;-59.12275300000552
-3.3600000000001415;-58.733056000005504
-3.3500000000001418;-58.34537500000548
-3.340000000000142;-57.95970400000546
-3.330000000000142;-57.57603700000544
-3.3200000000001424;-57.19436800000542
-3.3100000000001426;-56.8146910000054
-3.300000000000143;-56.43700000000538
-3.290000000000143;-56.06128900000536
-3.2800000000001432;-55.68755200000534
-3.2700000000001435;-55.31578300000532
-3.2600000000001437;-54.9459760000053
-3.250000000000144;-54.57812500000528
-3.240000000000144;-54.21222400000526
-3.2300000000001443;-53.84826700000524
-3.2200000000001445;-53.48624800000522
-3.2100000000001447;-53.1261610000052
-3.200000000000145;-52.76800000000518
-3.190000000000145;-52.41175900000516
-3.1800000000001454;-52.057432000005136
-3.1700000000001456;-51.70501300000512
-3.160000000000146;-51.3544960000051
-3.150000000000146;-51.00587500000508
-3.1400000000001462;-50.65914400000506
-3.1300000000001464;-50.314297000005034
-3.1200000000001467;-49.971328000005016
-3.110000000000147;-49.630231000005
-3.100000000000147;-49.29100000000497
-3.0900000000001473;-48.95362900000496
-3.0800000000001475;-48.618112000004935
-3.0700000000001477;-48.28444300000491
-3.060000000000148;-47.952616000004895
-3.050000000000148;-47.622625000004874
-3.0400000000001484;-47.29446400000485
-3.0300000000001486;-46.968127000004834
-3.020000000000149;-46.64360800000482
-3.010000000000149;-46.320901000004795
-3.000000000000149;-46.000000000004775
-2.9900000000001494;-45.68089900000476
-2.9800000000001496;-45.363592000004736
-2.97000000000015;-45.04807300000471
-2.96000000000015;-44.734336000004696
-2.9500000000001503;-44.42237500000468
-2.9400000000001505;-44.11218400000465
-2.9300000000001507;-43.80375700000464
-2.920000000000151;-43.49708800000462
-2.910000000000151;-43.19217100000459
-2.9000000000001513;-42.88900000000457
-2.8900000000001516;-42.58756900000456
-2.8800000000001518;-42.28787200000454
-2.870000000000152;-41.98990300000452
-2.860000000000152;-41.693656000004495
-2.8500000000001524;-41.399125000004474
-2.8400000000001526;-41.10630400000446
-2.830000000000153;-40.815187000004435
-2.820000000000153;-40.52576800000442
-2.8100000000001533;-40.238041000004394
-2.8000000000001535;-39.952000000004375
-2.7900000000001537;-39.66763900000436
-2.780000000000154;-39.38495200000433
-2.770000000000154;-39.10393300000432
-2.7600000000001543;-38.8245760000043
-2.7500000000001545;-38.54687500000428
-2.7400000000001548;-38.27082400000426
-2.730000000000155;-37.99641700000424
-2.720000000000155;-37.72364800000422
-2.7100000000001554;-37.4525110000042
-2.7000000000001556;-37.183000000004185
-2.690000000000156;-36.915109000004165
-2.680000000000156;-36.64883200000414
-2.6700000000001562;-36.38416300000412
-2.6600000000001565;-36.1210960000041
-2.6500000000001567;-35.85962500000409
-2.640000000000157;-35.599744000004065
-2.630000000000157;-35.341447000004045
-2.6200000000001573;-35.08472800000403
-2.6100000000001575;-34.829581000004005
-2.6000000000001577;-34.57600000000399
-2.590000000000158;-34.323979000003966
-2.580000000000158;-34.073512000003944
-2.5700000000001584;-33.82459300000393
-2.5600000000001586;-33.577216000003915
-2.550000000000159;-33.331375000003895
-2.540000000000159;-33.08706400000388
-2.5300000000001592;-32.844277000003856
-2.5200000000001594;-32.60300800000384
-2.5100000000001597;-32.363251000003814
-2.50000000000016;-32.125000000003794
-2.49000000000016;-31.88824900000378
-2.4800000000001603;-31.65299200000376
-2.4700000000001605;-31.41922300000374
-2.4600000000001607;-31.18693600000372
-2.450000000000161;-30.956125000003702
-2.440000000000161;-30.726784000003683
-2.4300000000001614;-30.498907000003666
-2.4200000000001616;-30.272488000003648
-2.410000000000162;-30.047521000003627
-2.400000000000162;-29.824000000003608
-2.390000000000162;-29.60191900000359
-2.3800000000001624;-29.381272000003573
-2.3700000000001626;-29.162053000003553
-2.360000000000163;-28.944256000003534
-2.350000000000163;-28.727875000003515
-2.3400000000001633;-28.5129040000035
-2.3300000000001635;-28.29933700000348
-2.3200000000001637;-28.087168000003462
-2.310000000000164;-27.876391000003444
-2.300000000000164;-27.667000000003426
-2.2900000000001643;-27.458989000003406
-2.2800000000001646;-27.25235200000339
-2.2700000000001648;-27.04708300000337
-2.260000000000165;-26.843176000003353
-2.250000000000165;-26.640625000003332
-2.2400000000001654;-26.439424000003317
-2.2300000000001656;-26.239567000003298
-2.220000000000166;-26.04104800000328
-2.210000000000166;-25.843861000003265
-2.2000000000001663;-25.648000000003243
-2.1900000000001665;-25.453459000003228
-2.1800000000001667;-25.26023200000321
-2.170000000000167;-25.068313000003194
-2.160000000000167;-24.877696000003176
-2.1500000000001673;-24.688375000003155
-2.1400000000001675;-24.50034400000314
-2.1300000000001678;-24.31359700000312
-2.120000000000168;-24.128128000003105
-2.110000000000168;-23.943931000003086
-2.1000000000001684;-23.761000000003072
-2.0900000000001686;-23.579329000003053
-2.080000000000169;-23.398912000003037
-2.070000000000169;-23.219743000003017
-2.0600000000001693;-23.041816000003003
-2.0500000000001695;-22.865125000002983
-2.0400000000001697;-22.689664000002967
-2.03000000000017;-22.51542700000295
-2.02000000000017;-22.342408000002933
-2.0100000000001703;-22.170601000002918
-2.0000000000001705;-22.0000000000029
-1.9900000000001707;-21.830599000002884
-1.980000000000171;-21.662392000002868
-1.9700000000001712;-21.49537300000285
-1.9600000000001714;-21.329536000002832
-1.9500000000001716;-21.164875000002816
-1.9400000000001718;-21.001384000002798
-1.930000000000172;-20.839057000002782
-1.9200000000001722;-20.677888000002767
-1.9100000000001724;-20.51787100000275
-1.9000000000001727;-20.359000000002734
-1.8900000000001729;-20.201269000002718
-1.880000000000173;-20.0446720000027
-1.8700000000001733;-19.889203000002684
-1.8600000000001735;-19.73485600000267
-1.8500000000001737;-19.581625000002653
-1.840000000000174;-19.429504000002638
-1.8300000000001742;-19.27848700000262
-1.8200000000001744;-19.128568000002605
-1.8100000000001746;-18.97974100000259
-1.8000000000001748;-18.832000000002573
-1.790000000000175;-18.685339000002557
-1.7800000000001752;-18.539752000002544
-1.7700000000001754;-18.395233000002527
-1.7600000000001756;-18.25177600000251
-1.7500000000001759;-18.109375000002494
-1.740000000000176;-17.96802400000248
-1.7300000000001763;-17.827717000002465
-1.7200000000001765;-17.68844800000245
-1.7100000000001767;-17.550211000002435
-1.700000000000177;-17.41300000000242
-1.6900000000001771;-17.2768090000024
-1.6800000000001774;-17.14163200000239
-1.6700000000001776;-17.007463000002375
-1.6600000000001778;-16.87429600000236
-1.650000000000178;-16.742125000002343
-1.6400000000001782;-16.610944000002327
-1.6300000000001784;-16.480747000002314
-1.6200000000001786;-16.3515280000023
-1.6100000000001788;-16.223281000002284
-1.600000000000179;-16.09600000000227
-1.5900000000001793;-15.969679000002255
-1.5800000000001795;-15.844312000002242
-1.5700000000001797;-15.719893000002227
-1.56000000000018;-15.596416000002213
-1.5500000000001801;-15.473875000002199
-1.5400000000001803;-15.352264000002185
-1.5300000000001805;-15.23157700000217
-1.5200000000001808;-15.111808000002156
-1.510000000000181;-14.992951000002144
-1.5000000000001812;-14.875000000002128
-1.4900000000001814;-14.757949000002116
-1.4800000000001816;-14.641792000002102
-1.4700000000001818;-14.526523000002088
-1.460000000000182;-14.412136000002075
-1.4500000000001823;-14.298625000002062
-1.4400000000001825;-14.185984000002048
-1.4300000000001827;-14.074207000002033
-1.420000000000183;-13.96328800000202
-1.410000000000183;-13.853221000002009
-1.4000000000001833;-13.744000000001995
-1.3900000000001835;-13.63561900000198
-1.3800000000001837;-13.528072000001968
-1.370000000000184;-13.421353000001956
-1.3600000000001842;-13.315456000001943
-1.3500000000001844;-13.21037500000193
-1.3400000000001846;-13.106104000001917
-1.3300000000001848;-13.002637000001904
-1.320000000000185;-12.899968000001891
-1.3100000000001852;-12.798091000001879
-1.3000000000001855;-12.697000000001868
-1.2900000000001857;-12.596689000001856
-1.2800000000001859;-12.497152000001844
-1.270000000000186;-12.39838300000183
-1.2600000000001863;-12.300376000001819
-1.2500000000001865;-12.203125000001807
-1.2400000000001867;-12.106624000001794
-1.230000000000187;-12.010867000001783
-1.2200000000001872;-11.915848000001771
-1.2100000000001874;-11.82156100000176
-1.2000000000001876;-11.72800000000175
-1.1900000000001878;-11.635159000001737
-1.180000000000188;-11.543032000001725
-1.1700000000001882;-11.451613000001714
-1.1600000000001884;-11.360896000001702
-1.1500000000001886;-11.270875000001691
-1.1400000000001889;-11.181544000001681
-1.130000000000189;-11.09289700000167
-1.1200000000001893;-11.004928000001659
-1.1100000000001895;-10.917631000001649
-1.1000000000001897;-10.831000000001637
-1.09000000000019;-10.745029000001626
-1.0800000000001901;-10.659712000001615
-1.0700000000001904;-10.575043000001607
-1.0600000000001906;-10.491016000001595
-1.0500000000001908;-10.407625000001584
-1.040000000000191;-10.324864000001575
-1.0300000000001912;-10.242727000001565
-1.0200000000001914;-10.161208000001555
-1.0100000000001916;-10.080301000001544
-1.0000000000001918;-10.000000000001535
-0.9900000000001921;-9.920299000001524
-0.9800000000001923;-9.841192000001517
-0.9700000000001925;-9.762673000001506
-0.9600000000001927;-9.684736000001497
-0.9500000000001929;-9.607375000001486
-0.9400000000001931;-9.530584000001477
-0.9300000000001933;-9.454357000001469
-0.9200000000001936;-9.378688000001459
-0.9100000000001938;-9.303571000001451
-0.900000000000194;-9.229000000001442
-0.8900000000001942;-9.154969000001433
-0.8800000000001944;-9.081472000001423
-0.8700000000001946;-9.008503000001415
-0.8600000000001948;-8.936056000001408
-0.850000000000195;-8.864125000001398
-0.8400000000001953;-8.79270400000139
-0.8300000000001955;-8.721787000001381
-0.8200000000001957;-8.651368000001373
-0.8100000000001959;-8.581441000001366
-0.8000000000001961;-8.512000000001358
-0.7900000000001963;-8.443039000001349
-0.7800000000001965;-8.37455200000134
-0.7700000000001967;-8.306533000001334
-0.760000000000197;-8.238976000001326
-0.7500000000001972;-8.171875000001318
-0.7400000000001974;-8.10522400000131
-0.7300000000001976;-8.039017000001305
-0.7200000000001978;-7.973248000001297
-0.710000000000198;-7.90791100000129
-0.7000000000001982;-7.8430000000012825
-0.6900000000001985;-7.778509000001275
-0.6800000000001987;-7.714432000001269
-0.6700000000001989;-7.6507630000012625
-0.6600000000001991;-7.587496000001256
-0.6500000000001993;-7.524625000001249
-0.6400000000001995;-7.462144000001243
-0.6300000000001997;-7.400047000001237
-0.6200000000002;-7.33832800000123
-0.6100000000002002;-7.276981000001224
-0.6000000000002004;-7.216000000001218
-0.5900000000002006;-7.155379000001212
-0.5800000000002008;-7.0951120000012065
-0.570000000000201;-7.0351930000012
-0.5600000000002012;-6.975616000001196
-0.5500000000002014;-6.9163750000011905
-0.5400000000002017;-6.857464000001185
-0.5300000000002019;-6.79887700000118
-0.5200000000002021;-6.740608000001174
-0.5100000000002023;-6.682651000001169
-0.5000000000002025;-6.625000000001164
-0.4900000000002027;-6.567649000001159
-0.48000000000020293;-6.5105920000011555
-0.47000000000020314;-6.453823000001151
-0.46000000000020336;-6.397336000001146
-0.45000000000020357;-6.341125000001142
-0.4400000000002038;-6.285184000001138
-0.430000000000204;-6.229507000001133
-0.4200000000002042;-6.174088000001129
-0.4100000000002044;-6.118921000001125
-0.40000000000020464;-6.064000000001121
-0.39000000000020485;-6.009319000001118
-0.38000000000020506;-5.954872000001114
-0.3700000000002053;-5.90065300000111
-0.3600000000002055;-5.846656000001108
-0.3500000000002057;-5.792875000001104
-0.3400000000002059;-5.739304000001101
-0.33000000000020613;-5.685937000001098
-0.32000000000020634;-5.632768000001095
-0.31000000000020655;-5.579791000001093
-0.30000000000020677;-5.52700000000109
-0.290000000000207;-5.4743890000010875
-0.2800000000002072;-5.421952000001085
-0.2700000000002074;-5.369683000001082
-0.2600000000002076;-5.31757600000108
-0.25000000000020783;-5.265625000001078
-0.24000000000020805;-5.213824000001076
-0.23000000000020826;-5.162167000001075
-0.22000000000020847;-5.110648000001072
-0.2100000000002087;-5.059261000001071
-0.2000000000002089;-5.008000000001069
-0.1900000000002091;-4.956859000001068
-0.18000000000020933;-4.905832000001067
-0.17000000000020954;-4.854913000001066
-0.16000000000020975;-4.804096000001065
-0.15000000000020997;-4.753375000001064
-0.14000000000021018;-4.702744000001063
-0.1300000000002104;-4.652197000001062
-0.1200000000002106;-4.601728000001062
-0.11000000000021082;-4.551331000001062
-0.10000000000021103;-4.501000000001062
-0.09000000000021124;-4.450729000001061
-0.08000000000021146;-4.400512000001061
-0.07000000000021167;-4.350343000001061
-0.060000000000211884;-4.300216000001062
-0.0500000000002121;-4.250125000001062
-0.04000000000021231;-4.2000640000010625
-0.030000000000212523;-4.150027000001063
-0.020000000000212736;-4.100008000001064
-0.01000000000021295;-4.050001000001065
-2.1316282072803006e-13;-4.000000000001066
0.009999999999786624;-3.9499990000010667
0.01999999999978641;-3.899992000001068
0.029999999999786198;-3.8499730000010697
0.039999999999785985;-3.799936000001071
0.04999999999978577;-3.7498750000010728
0.05999999999978556;-3.6997840000010744
0.06999999999978535;-3.6496570000010764
0.07999999999978513;-3.5994880000010783
0.08999999999978492;-3.5492710000010805
0.0999999999997847;-3.499000000001083
0.10999999999978449;-3.448669000001085
0.11999999999978428;-3.398272000001088
0.12999999999978407;-3.3478030000010905
0.13999999999978385;-3.2972560000010933
0.14999999999978364;-3.2466250000010963
0.15999999999978343;-3.1959040000010996
0.1699999999997832;-3.145087000001103
0.179999999999783;-3.094168000001106
0.1899999999997828;-3.0431410000011097
0.19999999999978257;-2.9920000000011133
0.20999999999978236;-2.940739000001117
0.21999999999978215;-2.8893520000011206
0.22999999999978193;-2.837833000001125
0.23999999999978172;-2.786176000001129
0.2499999999997815;-2.7343750000011333
0.2599999999997813;-2.682424000001138
0.2699999999997811;-2.6303170000011424
0.27999999999978087;-2.5780480000011474
0.28999999999978066;-2.525611000001152
0.29999999999978044;-2.473000000001157
0.30999999999978023;-2.4202090000011625
0.31999999999978;-2.3672320000011675
0.3299999999997798;-2.314063000001173
0.3399999999997796;-2.2606960000011784
0.3499999999997794;-2.2071250000011844
0.35999999999977916;-2.15334400000119
0.36999999999977895;-2.0993470000011962
0.37999999999977874;-2.045128000001202
0.3899999999997785;-1.9906810000012083
0.3999999999997783;-1.936000000001215
0.4099999999997781;-1.8810790000012214
0.4199999999997779;-1.825912000001228
0.42999999999977767;-1.770493000001235
0.43999999999977746;-1.714816000001242
0.44999999999977724;-1.6588750000012489
0.45999999999977703;-1.6026640000012562
0.4699999999997768;-1.546177000001264
0.4799999999997766;-1.4894080000012715
0.4899999999997764;-1.4323510000012791
0.4999999999997762;-1.375000000001287
0.509999999999776;-1.317349000001295
0.5199999999997758;-1.259392000001303
0.5299999999997755;-1.2011230000013113
0.5399999999997753;-1.14253600000132
0.5499999999997751;-1.0836250000013283
0.5599999999997749;-1.0243840000013371
0.5699999999997747;-0.964807000001346
0.5799999999997745;-0.904888000001355
0.5899999999997743;-0.8446210000013643
0.599999999999774;-0.7840000000013738
0.6099999999997738;-0.7230190000013832
0.6199999999997736;-0.6616720000013929
0.6299999999997734;-0.5999530000014026
0.6399999999997732;-0.5378560000014128
0.649999999999773;-0.47537500000142296
0.6599999999997728;-0.4125040000014333
0.6699999999997726;-0.34923700000144375
0.6799999999997723;-0.285568000001454
0.6899999999997721;-0.22149100000146493
0.6999999999997719;-0.15700000000147574
0.7099999999997717;-0.0920890000014869
0.7199999999997715;-0.026752000001498022
0.7299999999997713;0.0390169999984904
0.7399999999997711;0.1052239999984792
0.7499999999997708;0.1718749999984679
0.7599999999997706;0.23897599999845553
0.7699999999997704;0.30653299999844386
0.7799999999997702;0.3745519999984319
0.78999999999977;0.44303899999841967
0.7999999999997698;0.5119999999984071
0.8099999999997696;0.581440999998394
0.8199999999997694;0.6513679999983815
0.8299999999997691;0.7217869999983684
0.8399999999997689;0.7927039999983556
0.8499999999997687;0.8641249999983422
0.8599999999997685;0.9360559999983291
0.8699999999997683;1.0085029999983153
0.8799999999997681;1.0814719999983016
0.8899999999997679;1.154968999998288
0.8999999999997677;1.2289999999982735
0.9099999999997674;1.303570999998259
0.9199999999997672;1.3786879999982453
0.929999999999767;1.4543569999982306
0.9399999999997668;1.5305839999982158
0.9499999999997666;1.6073749999982008
0.9599999999997664;1.6847359999981855
0.9699999999997662;1.7626729999981707
0.979999999999766;1.8411919999981556
0.9899999999997657;1.9202989999981401
0.9999999999997655;1.9999999999981242
1.0099999999997653;2.0803009999981086
1.019999999999765;2.1612079999980924
1.0299999999997649;2.2427269999980766
1.0399999999997647;2.32486399999806
1.0499999999997645;2.4076249999980437
1.0599999999997642;2.4910159999980266
1.069999999999764;2.5750429999980096
1.0799999999997638;2.6597119999979926
1.0899999999997636;2.7450289999979756
1.0999999999997634;2.8309999999979585
1.1099999999997632;2.9176309999979404
1.119999999999763;3.004927999997923
1.1299999999997627;3.0928969999979046
1.1399999999997625;3.1815439999978867
1.1499999999997623;3.2708749999978686
1.159999999999762;3.36089599999785
1.169999999999762;3.451612999997832
1.1799999999997617;3.5430319999978126
1.1899999999997615;3.6351589999977936
1.1999999999997613;3.727999999997775
1.209999999999761;3.8215609999977556
1.2199999999997608;3.9158479999977365
1.2299999999997606;4.010866999997717
1.2399999999997604;4.106623999997696
1.2499999999997602;4.2031249999976765
1.25999999999976;4.300375999997657
1.2699999999997598;4.3983829999976365
1.2799999999997596;4.497151999997616
1.2899999999997593;4.596688999997596
1.2999999999997591;4.6969999999975744
1.309999999999759;4.798090999997553
1.3199999999997587;4.899967999997532
1.3299999999997585;5.002636999997511
1.3399999999997583;5.10610399999749
1.349999999999758;5.210374999997468
1.3599999999997578;5.315455999997447
1.3699999999997576;5.421352999997424
1.3799999999997574;5.528071999997401
1.3899999999997572;5.635618999997378
1.399999999999757;5.7439999999973566
1.4099999999997568;5.853220999997333
1.4199999999997566;5.963287999997309
1.4299999999997564;6.074206999997287
1.4399999999997561;6.185983999997264
1.449999999999756;6.298624999997241
1.4599999999997557;6.412135999997217
1.4699999999997555;6.5265229999971925
1.4799999999997553;6.641791999997167
1.489999999999755;6.757948999997144
1.4999999999997549;6.874999999997119
1.5099999999997546;6.992950999997095
1.5199999999997544;7.111807999997071
1.5299999999997542;7.231576999997046
1.539999999999754;7.352263999997021
1.5499999999997538;7.473874999996994
1.5599999999997536;7.596415999996969
1.5699999999997534;7.719892999996944
1.5799999999997532;7.844311999996917
1.589999999999753;7.969678999996891
1.5999999999997527;8.095999999996865
1.6099999999997525;8.223280999996838
1.6199999999997523;8.351527999996812
1.629999999999752;8.480746999996786
1.6399999999997519;8.610943999996756
1.6499999999997517;8.74212499999673
1.6599999999997515;8.874295999996702
1.6699999999997512;9.007462999996676
1.679999999999751;9.141631999996648
1.6899999999997508;9.276808999996618
1.6999999999997506;9.41299999999659
1.7099999999997504;9.550210999996562
1.7199999999997502;9.688447999996534
1.72999999999975;9.827716999996504
1.7399999999997497;9.968023999996475
1.7499999999997495;10.109374999996447
1.7599999999997493;10.251775999996417
1.769999999999749;10.395232999996388
1.779999999999749;10.539751999996358
1.7899999999997487;10.685338999996327
1.7999999999997485;10.831999999996297
1.8099999999997483;10.979740999996267
1.819999999999748;11.128567999996235
1.8299999999997478;11.278486999996206
1.8399999999997476;11.429503999996175
1.8499999999997474;11.581624999996144
1.8599999999997472;11.734855999996112
1.869999999999747;11.88920299999608
1.8799999999997468;12.044671999996048
1.8899999999997465;12.201268999996017
1.8999999999997463;12.358999999995984
1.9099999999997461;12.517870999995953
1.919999999999746;12.677887999995917
1.9299999999997457;12.839056999995886
1.9399999999997455;13.001383999995852
1.9499999999997453;13.16487499999582
1.959999999999745;13.329535999995787
1.9699999999997448;13.495372999995752
1.9799999999997446;13.66239199999572
1.9899999999997444;13.830598999995686
1.9999999999997442;13.999999999995651
2.009999999999744;14.170600999995617
2.019999999999744;14.342407999995583
2.0299999999997436;14.515426999995547
2.0399999999997434;14.689663999995513
2.049999999999743;14.865124999995476
2.059999999999743;15.041815999995443
2.0699999999997427;15.219742999995404
2.0799999999997425;15.39891199999537
2.0899999999997423;15.579328999995333
2.099999999999742;15.760999999995299
2.109999999999742;15.94393099999526
2.1199999999997416;16.128127999995225
2.1299999999997414;16.313596999995188
2.139999999999741;16.500343999995152
2.149999999999741;16.688374999995112
2.159999999999741;16.877695999995076
2.1699999999997406;17.068312999995037
2.1799999999997404;17.260231999995
2.18999999999974;17.453458999994965
2.19999999999974;17.647999999994923
2.2099999999997397;17.843860999994885
2.2199999999997395;18.041047999994845
2.2299999999997393;18.239566999994807
2.239999999999739;18.439423999994766
2.249999999999739;18.640624999994728
2.2599999999997387;18.84317599999469
2.2699999999997384;19.04708299999465
2.2799999999997382;19.25235199999461
2.289999999999738;19.458988999994567
2.299999999999738;19.66699999999453
2.3099999999997376;19.876390999994488
2.3199999999997374;20.08716799999445
2.329999999999737;20.299336999994406
2.339999999999737;20.512903999994364
2.3499999999997367;20.72787499999432
2.3599999999997365;20.944255999994283
2.3699999999997363;21.162052999994238
2.379999999999736;21.381271999994198
2.389999999999736;21.601918999994155
2.3999999999997357;21.82399999999411
2.4099999999997355;22.04752099999407
2.4199999999997353;22.272487999994027
2.429999999999735;22.49890699999398
2.439999999999735;22.726783999993938
2.4499999999997346;22.956124999993897
2.4599999999997344;23.18693599999385
2.469999999999734;23.419222999993806
2.479999999999734;23.65299199999376
2.4899999999997338;23.888248999993717
2.4999999999997335;24.124999999993673
2.5099999999997333;24.363250999993625
2.519999999999733;24.603007999993583
2.529999999999733;24.844276999993532
2.5399999999997327;25.08706399999349
2.5499999999997325;25.331374999993443
2.5599999999997323;25.5772159999934
2.569999999999732;25.82459299999335
2.579999999999732;26.073511999993304
2.5899999999997316;26.32397899999326
2.5999999999997314;26.57599999999321
2.609999999999731;26.829580999993162
2.619999999999731;27.084727999993117
2.6299999999997308;27.341446999993067
2.6399999999997306;27.59974399999302
2.6499999999997303;27.859624999992974
2.65999999999973;28.121095999992917
2.66999999999973;28.384162999992874
2.6799999999997297;28.648831999992822
2.6899999999997295;28.915108999992775
2.6999999999997293;29.18299999999273
2.709999999999729;29.452510999992676
2.719999999999729;29.72364799999262
2.7299999999997286;29.996416999992576
2.7399999999997284;30.27082399999253
2.749999999999728;30.546874999992475
2.759999999999728;30.82457599999242
2.769999999999728;31.103932999992374
2.7799999999997276;31.384951999992325
2.7899999999997274;31.66763899999227
2.799999999999727;31.951999999992218
2.809999999999727;32.238040999992165
2.8199999999997267;32.52576799999211
2.8299999999997265;32.815186999992065
2.8399999999997263;33.10630399999201
2.849999999999726;33.399124999991955
2.859999999999726;33.693655999991904
2.8699999999997257;33.98990299999185
2.8799999999997254;34.28787199999179
2.8899999999997252;34.58756899999174
2.899999999999725;34.88899999999168
2.909999999999725;35.19217099999163
2.9199999999997246;35.49708799999158
2.9299999999997244;35.80375699999152
2.939999999999724;36.11218399999147
2.949999999999724;36.42237499999141
2.9599999999997237;36.73433599999136
2.9699999999997235;37.0480729999913
2.9799999999997233;37.36359199999124
2.989999999999723;37.680898999991186
2.999999999999723;37.99999999999113
3.0099999999997227;38.320900999991075
3.0199999999997225;38.64360799999102
3.0299999999997222;38.968126999990965
3.039999999999722;39.2944639999909
3.049999999999722;39.62262499999085
3.0599999999997216;39.95261599999078
3.0699999999997214;40.28444299999073
3.079999999999721;40.618111999990674
3.089999999999721;40.95362899999061
3.0999999999997208;41.290999999990554
3.1099999999997205;41.630230999990495
3.1199999999997203;41.971327999990436
3.12999999999972;42.314296999990376
3.13999999999972;42.65914399999031
3.1499999999997197;43.005874999990255
3.1599999999997195;43.35449599999019
3.1699999999997193;43.70501299999013
3.179999999999719;44.05743199999007
3.189999999999719;44.41175899999001
3.1999999999997186;44.76799999998995
3.2099999999997184;45.126160999989885
3.219999999999718;45.48624799998983
3.229999999999718;45.84826699998977
3.2399999999997178;46.2122239999897
3.2499999999997176;46.57812499998963
3.2599999999997173;46.94597599998957
3.269999999999717;47.315782999989516
3.279999999999717;47.687551999989445
3.2899999999997167;48.06128899998938
3.2999999999997165;48.436999999989325
3.3099999999997163;48.81469099998926
3.319999999999716;49.19436799998919
3.329999999999716;49.57603699998913
3.3399999999997156;49.95970399998906
3.3499999999997154;50.345374999989
3.359999999999715;50.73305599998893
3.369999999999715;51.12275299998886
3.379999999999715;51.5144719999888
3.3899999999997146;51.90821899998873
3.3999999999997144;52.30399999998867
3.409999999999714;52.7018209999886
3.419999999999714;53.10168799998853
3.4299999999997137;53.50360699998846
3.4399999999997135;53.9075839999884
3.4499999999997133;54.31362499998833
3.459999999999713;54.721735999988255
3.469999999999713;55.13192299998819
3.4799999999997127;55.54419199998812
3.4899999999997124;55.958548999988054
3.4999999999997122;56.37499999998799
3.509999999999712;56.793550999987914
3.519999999999712;57.21420799998785
3.5299999999997116;57.63697699998777
3.5399999999997114;58.06186399998771
3.549999999999711;58.48887499998764
3.559999999999711;58.91801599998757
3.5699999999997107;59.34929299998749
3.5799999999997105;59.78271199998743
3.5899999999997103;60.21827899998735
3.59999999999971;60.65599999998727
3.60999999999971;61.0958809999872
3.6199999999997097;61.53792799998713
3.6299999999997095;61.982146999987066
3.6399999999997092;62.428543999987
3.649999999999709;62.877124999986904
3.659999999999709;63.327895999986836
3.6699999999997086;63.780862999986766
3.6799999999997084;64.2360319999867
3.689999999999708;64.69340899998662
3.699999999999708;65.15299999998655
3.7099999999997078;65.61481099998647
3.7199999999997075;66.0788479999864
3.7299999999997073;66.54511699998632
3.739999999999707;67.01362399998625
3.749999999999707;67.48437499998617
3.7599999999997067;67.95737599998608
3.7699999999997065;68.43263299998601
3.7799999999997063;68.91015199998594
3.789999999999706;69.38993899998587
3.799999999999706;69.87199999998579
3.8099999999997056;70.3563409999857
3.8199999999997054;70.84296799998563
3.829999999999705;71.33188699998556
3.839999999999705;71.82310399998548
3.8499999999997048;72.3166249999854
3.8599999999997046;72.81245599998532
3.8699999999997043;73.31060299998524
3.879999999999704;73.81107199998516
3.889999999999704;74.31386899998508
3.8999999999997037;74.818999999985
3.9099999999997035;75.32647099998492
3.9199999999997033;75.83628799998485
3.929999999999703;76.34845699998476
3.939999999999703;76.86298399998468
3.9499999999997026;77.3798749999846
3.9599999999997024;77.89913599998451
3.969999999999702;78.42077299998442
3.979999999999702;78.94479199998435
3.989999999999702;79.47119899998427
3.9999999999997016;79.99999999998418
4.009999999999701;80.5312009999841
4.019999999999701;81.06480799998401
4.029999999999701;81.60082699998392
4.039999999999701;82.13926399998385
4.0499999999997005;82.68012499998378
4.0599999999997;83.22341599998369
4.0699999999997;83.7691429999836
4.0799999999997;84.31731199998352
4.0899999999997;84.86792899998342
4.099999999999699;85.42099999998334
4.109999999999699;85.97653099998325
4.119999999999699;86.53452799998317
4.129999999999699;87.09499699998307
4.139999999999699;87.657943999983
4.149999999999698;88.22337499998291
4.159999999999698;88.79129599998282
4.169999999999698;89.36171299998273
4.179999999999698;89.93463199998264
4.1899999999996975;90.51005899998256
4.199999999999697;91.08799999998246
4.209999999999697;91.66846099998239
4.219999999999697;92.25144799998229
4.229999999999697;92.83696699998221
4.2399999999996965;93.42502399998212
4.249999999999696;94.01562499998202
4.259999999999696;94.60877599998193
4.269999999999696;95.20448299998185
4.279999999999696;95.80275199998175
4.289999999999695;96.40358899998165
4.299999999999695;97.00699999998157
4.309999999999695;97.61299099998148
4.319999999999695;98.22156799998139
4.3299999999996945;98.8327369999813
4.339999999999694;99.44650399998119
4.349999999999694;100.06287499998112
4.359999999999694;100.68185599998102
4.369999999999694;101.30345299998092
4.3799999999996935;101.92767199998083
4.389999999999693;102.55451899998073
4.399999999999693;103.18399999998064
4.409999999999693;103.81612099998054
4.419999999999693;104.45088799998044
4.429999999999692;105.08830699998035
4.439999999999692;105.72838399998025
4.449999999999692;106.37112499998017
4.459999999999692;107.01653599998006
4.4699999999996916;107.66462299997997
4.479999999999691;108.31539199997987
4.489999999999691;108.96884899997977
4.499999999999691;109.62499999997968
4.509999999999691;110.28385099997959
4.5199999999996905;110.9454079999795
4.52999999999969;111.60967699997937
4.53999999999969;112.27666399997929
4.54999999999969;112.94637499997918
4.55999999999969;113.61881599997909
4.569999999999689;114.29399299997898
4.579999999999689;114.97191199997889
4.589999999999689;115.6525789999788
4.599999999999689;116.3359999999787
4.609999999999689;117.02218099997859
4.619999999999688;117.71112799997849
4.629999999999688;118.4028469999784
4.639999999999688;119.09734399997828
4.649999999999688;119.79462499997818
4.6599999999996875;120.49469599997808
4.669999999999687;121.19756299997798
4.679999999999687;121.90323199997786
4.689999999999687;122.61170899997776
4.699999999999687;123.32299999997767
4.709999999999686;124.03711099997759
4.719999999999686;124.75404799997744
4.729999999999686;125.47381699997737
4.739999999999686;126.19642399997724
4.749999999999686;126.92187499997715
4.759999999999685;127.65017599997705
4.769999999999685;128.38133299997693
4.779999999999685;129.11535199997684
4.789999999999685;129.85223899997672
4.7999999999996845;130.59199999997662
4.809999999999684;131.3346409999765
4.819999999999684;132.0801679999764
4.829999999999684;132.8285869999763
4.839999999999684;133.57990399997618
4.8499999999996835;134.33412499997607
4.859999999999683;135.09125599997597
4.869999999999683;135.85130299997587
4.879999999999683;136.61427199997576
4.889999999999683;137.38016899997564
4.899999999999682;138.14899999997553
4.909999999999682;138.92077099997542
4.919999999999682;139.6954879999753
4.929999999999682;140.4731569999752
4.9399999999996815;141.2537839999751
4.949999999999681;142.037374999975
4.959999999999681;142.82393599997488
4.969999999999681;143.61347299997476
4.979999999999681;144.40599199997465
4.9899999999996805;145.20149899997455
4.99999999999968;145.99999999997442
5.00999999999968;146.8015009999743
5.01999999999968;147.6060079999742
5.02999999999968;148.41352699997407
5.039999999999679;149.22406399997396
5.049999999999679;150.03762499997384
5.059999999999679;150.85421599997375
5.069999999999679;151.67384299997363
5.0799999999996786;152.4965119999735
5.089999999999678;153.3222289999734
5.099999999999678;154.15099999997327
5.109999999999678;154.98283099997315
5.119999999999678;155.81772799997304
5.1299999999996775;156.65569699997292
5.139999999999677;157.4967439999728
5.149999999999677;158.3408749999727
5.159999999999677;159.18809599997257
5.169999999999677;160.03841299997245
5.179999999999676;160.89183199997234
5.189999999999676;161.7483589999722
5.199999999999676;162.6079999999721
5.209999999999676;163.47076099997196
5.219999999999676;164.33664799997186
5.229999999999675;165.20566699997175
5.239999999999675;166.0778239999716
5.249999999999675;166.9531249999715
5.259999999999675;167.83157599997136
5.2699999999996745;168.71318299997125
5.279999999999674;169.59795199997114
5.289999999999674;170.485888999971
5.299999999999674;171.3769999999709
5.309999999999674;172.27129099997074
5.319999999999673;173.16876799997064
5.329999999999673;174.06943699997052
5.339999999999673;174.9733039999704
5.349999999999673;175.8803749999703
5.359999999999673;176.79065599997014
5.369999999999672;177.70415299997
5.379999999999672;178.6208719999699
5.389999999999672;179.5408189999698
5.399999999999672;180.46399999996964
5.4099999999996715;181.3904209999695
5.419999999999671;182.3200879999694
5.429999999999671;183.25300699996927
5.439999999999671;184.18918399996915
5.449999999999671;185.128624999969
5.4599999999996705;186.07133599996888
5.46999999999967;187.01732299996874
5.47999999999967;187.96659199996864
5.48999999999967;188.91914899996848
5.49999999999967;189.87499999996837
5.509999999999669;190.83415099996824
5.519999999999669;191.7966079999681
5.529999999999669;192.76237699996796
5.539999999999669;193.73146399996784
5.5499999999996685;194.70387499996772
5.559999999999668;195.67961599996758
5.569999999999668;196.65869299996746
5.579999999999668;197.6411119999673
5.589999999999668;198.62687899996718
5.5999999999996675;199.61599999996707
5.609999999999667;200.60848099996693
5.619999999999667;201.60432799996678
5.629999999999667;202.60354699996665
5.639999999999667;203.60614399996652
5.649999999999666;204.61212499996637
5.659999999999666;205.62149599996624
5.669999999999666;206.6342629999661
5.679999999999666;207.65043199996597
5.6899999999996655;208.67000899996583
5.699999999999665;209.6929999999657
5.709999999999665;210.7194109999656
5.719999999999665;211.74924799996543
5.729999999999665;212.7825169999653
5.7399999999996645;213.81922399996515
5.749999999999664;214.859374999965
5.759999999999664;215.9029759999649
5.769999999999664;216.95003299996475
5.779999999999664;218.0005519999646
5.789999999999663;219.05453899996445
5.799999999999663;220.11199999996433
5.809999999999663;221.17294099996417
5.819999999999663;222.23736799996405
5.829999999999663;223.30528699996393
5.839999999999662;224.37670399996375
5.849999999999662;225.4516249999636
5.859999999999662;226.53005599996348
5.869999999999662;227.61200299996335
5.8799999999996615;228.6974719999632
5.889999999999661;229.78646899996306
5.899999999999661;230.8789999999629
5.909999999999661;231.97507099996278
5.919999999999661;233.07468799996263
5.92999999999966;234.17785699996247
5.93999999999966;235.28458399996234
5.94999999999966;236.39487499996218
5.95999999999966;237.50873599996206
5.96999999999966;238.62617299996188
5.979999999999659;239.74719199996176
5.989999999999659;240.87179899996158
5.999999999999659;241.99999999996146
6.009999999999657;243.13180099996111
6.0199999999996585;244.26720799996116
6.02999999999966;245.40622699996123
6.039999999999658;246.54886399996087
6.049999999999656;247.6951249999605
6.059999999999658;248.84501599996057
6.069999999999659;249.99854299996062
6.079999999999657;251.15571199996026
6.089999999999655;252.31652899995993
6.099999999999657;253.48099999995998
6.109999999999658;254.64913099996005
6.119999999999656;255.82092799995968
6.129999999999654;256.9963969999593
6.139999999999656;258.17554399995936
6.1499999999996575;259.35837499995944
6.1599999999996555;260.54489599995907
6.1699999999996535;261.7351129999587
6.179999999999655;262.9290319999588
6.189999999999657;264.1266589999588
6.199999999999655;265.3279999999585
6.209999999999653;266.5330609999581
6.219999999999654;267.74184799995817
6.229999999999656;268.9543669999582
6.239999999999654;270.17062399995785
6.249999999999652;271.3906249999574
6.259999999999653;272.61437599995753
6.269999999999655;273.8418829999576
6.279999999999653;275.0731519999572
6.289999999999651;276.3081889999568
6.2999999999996525;277.5469999999569
6.309999999999654;278.78959099995694
6.319999999999652;280.0359679999566
6.32999999999965;281.2861369999562
6.339999999999652;282.5401039999563
6.349999999999653;283.7978749999563
6.359999999999651;285.05945599995596
6.369999999999649;286.32485299995557
6.379999999999651;287.59407199995564
6.389999999999652;288.8671189999557
6.39999999999965;290.14399999995527
6.409999999999648;291.4247209999549
6.41999999999965;292.709287999955
6.4299999999996515;293.997706999955
6.43999999999965;295.28998399995464
6.449999999999648;296.5861249999543
6.459999999999649;297.8861359999543
6.469999999999651;299.1900229999544
6.479999999999649;300.49779199995396
6.489999999999647;301.8094489999536
6.499999999999648;303.1249999999537
6.50999999999965;304.44445099995374
6.519999999999648;305.76780799995333
6.529999999999646;307.09507699995294
6.539999999999647;308.426263999953
6.549999999999649;309.76137499995303
6.559999999999647;311.1004159999527
6.569999999999645;312.4433929999522
6.579999999999647;313.79031199995234
6.589999999999648;315.1411789999524
6.599999999999646;316.495999999952
6.609999999999644;317.8547809999516
6.619999999999646;319.2175279999517
6.629999999999647;320.5842469999517
6.639999999999645;321.9549439999513
6.649999999999643;323.3296249999509
6.659999999999645;324.708295999951
6.669999999999646;326.090962999951
6.6799999999996444;327.47763199995063
6.6899999999996425;328.8683089999502
6.699999999999644;330.2629999999503
6.709999999999646;331.6617109999504
6.719999999999644;333.0644479999499
6.729999999999642;334.4712169999495
6.739999999999643;335.8820239999496
6.749999999999645;337.2968749999497
6.759999999999643;338.7157759999492
6.769999999999641;340.1387329999488
6.779999999999642;341.5657519999489
6.789999999999644;342.996838999949
6.799999999999642;344.4319999999485
6.80999999999964;345.8712409999481
6.8199999999996415;347.31456799994817
6.829999999999643;348.76198699994825
6.839999999999641;350.2135039999478
6.849999999999639;351.66912499994737
6.859999999999641;353.12885599994746
6.869999999999642;354.59270299994756
6.87999999999964;356.06067199994715
6.889999999999638;357.53276899994665
6.89999999999964;359.00899999994675
6.909999999999641;360.4893709999468
6.919999999999639;361.9738879999464
6.929999999999637;363.46255699994595
6.939999999999639;364.955383999946
6.9499999999996405;366.4523749999461
6.9599999999996385;367.95353599994564
6.9699999999996365;369.45887299994524
6.979999999999638;370.9683919999453
6.98999999999964;372.4820989999454
6.999999999999638;373.9999999999449
7.009999999999636;375.5221009999445
7.019999999999637;377.0484079999446
7.029999999999639;378.57892699994466
7.039999999999637;380.11366399994415
7.049999999999635;381.6526249999437
7.059999999999636;383.1958159999438
7.069999999999638;384.7432429999439
7.079999999999636;386.2949119999434
7.089999999999634;387.85082899994296
7.0999999999996355;389.41099999994304
7.109999999999637;390.97543099994317
7.119999999999635;392.5441279999427
7.129999999999633;394.1170969999422
7.139999999999635;395.6943439999423
7.149999999999636;397.2758749999424
7.159999999999634;398.86169599994196
7.169999999999632;400.4518129999414
7.179999999999634;402.04623199994154
7.189999999999635;403.6449589999416
7.199999999999633;405.24799999994116
7.209999999999631;406.8553609999407
7.219999999999633;408.46704799994075
7.2299999999996345;410.08306699994085
7.2399999999996325;411.70342399994036
7.2499999999996305;413.32812499993986
7.259999999999632;414.95717599994
7.269999999999634;416.59058299994007
7.279999999999632;418.2283519999396
7.28999999999963;419.87048899993914
7.299999999999631;421.51699999993923
7.309999999999633;423.16789099993935
7.319999999999631;424.8231679999388
7.329999999999629;426.48283699993834
7.33999999999963;428.14690399993844
7.349999999999632;429.8153749999385
7.35999999999963;431.488255999938
7.369999999999628;433.1655529999375
7.3799999999996295;434.8472719999376
7.389999999999631;436.53341899993774
7.399999999999629;438.2239999999372
7.409999999999627;439.9190209999367
7.419999999999629;441.6184879999368
7.42999999999963;443.3224069999369
7.439999999999628;445.0307839999364
7.449999999999626;446.7436249999359
7.459999999999628;448.460935999936
7.469999999999629;450.1827229999361
7.479999999999627;451.9089919999356
7.489999999999625;453.6397489999351
7.499999999999627;455.3749999999352
7.5099999999996285;457.11475099993527
7.5199999999996265;458.85900799993476
7.5299999999996245;460.60777699993423
7.539999999999626;462.36106399993434
7.549999999999628;464.11887499993446
7.559999999999626;465.88121599993394
7.569999999999624;467.6480929999334
7.579999999999625;469.41951199993355
7.589999999999627;471.19547899993364
7.599999999999625;472.9759999999331
7.609999999999623;474.76108099993263
7.619999999999624;476.55072799993275
7.629999999999626;478.34494699993286
7.639999999999624;480.14374399993227
7.649999999999622;481.94712499993176
7.6599999999996236;483.7550959999319
7.669999999999625;485.567662999932
7.679999999999623;487.3848319999314
7.689999999999621;489.2066089999309
7.699999999999623;491.032999999931
7.709999999999624;492.8640109999311
7.719999999999622;494.69964799993056
7.72999999999962;496.53991699993
7.739999999999622;498.3848239999302
7.749999999999623;500.23437499993025
7.759999999999621;502.08857599992973
7.769999999999619;503.94743299992916
7.779999999999621;505.8109519999293
7.789999999999623;507.6791389999294
7.799999999999621;509.55199999992885
7.809999999999619;511.42954099992835
7.81999999999962;513.3117679999284
7.829999999999622;515.1986869999286
7.83999999999962;517.090303999928
7.849999999999618;518.9866249999275
7.859999999999619;520.8876559999276
7.869999999999621;522.7934029999277
7.879999999999619;524.7038719999271
7.889999999999617;526.6190689999265
7.899999999999618;528.5389999999267
7.90999999999962;530.4636709999268
7.919999999999618;532.3930879999261
7.929999999999616;534.3272569999257
7.939999999999618;536.2661839999257
7.949999999999619;538.2098749999259
7.959999999999617;540.1583359999254
7.969999999999615;542.1115729999248
7.979999999999617;544.0695919999249
7.989999999999618;546.032398999925
7.999999999999616;547.9999999999244
8.009999999999614;549.9724009999238
8.019999999999616;551.949607999924
8.029999999999617;553.931626999924
8.039999999999615;555.9184639999236
8.049999999999613;557.9101249999229
8.059999999999615;559.9066159999231
8.069999999999617;561.9079429999232
8.079999999999615;563.9141119999225
8.089999999999613;565.9251289999221
8.099999999999614;567.9409999999222
8.109999999999616;569.9617309999223
8.119999999999614;571.9873279999217
8.129999999999612;574.0177969999211
8.139999999999613;576.0531439999213
8.149999999999615;578.0933749999214
8.159999999999613;580.1384959999207
8.169999999999611;582.1885129999201
8.179999999999612;584.2434319999203
8.189999999999614;586.3032589999204
8.199999999999612;588.3679999999198
8.20999999999961;590.4376609999192
8.219999999999612;592.5122479999194
8.229999999999613;594.5917669999194
8.239999999999611;596.6762239999189
8.24999999999961;598.7656249999183
8.25999999999961;600.8599759999183
8.269999999999612;602.9592829999185
8.27999999999961;605.0635519999179
8.289999999999608;607.1727889999172
8.29999999999961;609.2869999999175
8.309999999999611;611.4061909999175
8.31999999999961;613.530367999917
8.329999999999607;615.6595369999163
8.339999999999609;617.7937039999164
8.34999999999961;619.9328749999166
8.359999999999609;622.077055999916
8.369999999999607;624.2262529999155
8.379999999999608;626.3804719999155
8.38999999999961;628.5397189999156
8.399999999999608;630.703999999915
8.409999999999606;632.8733209999144
8.419999999999607;635.0476879999146
8.429999999999609;637.2271069999147
8.439999999999607;639.411583999914
8.449999999999605;641.6011249999134
8.459999999999607;643.7957359999135
8.469999999999608;645.9954229999138
8.479999999999606;648.200191999913
8.489999999999604;650.4100489999124
8.499999999999606;652.6249999999126
8.509999999999607;654.8450509999127
8.519999999999605;657.070207999912
8.529999999999603;659.3004769999114
8.539999999999605;661.5358639999115
8.549999999999606;663.7763749999117
8.559999999999604;666.0220159999111
8.569999999999602;668.2727929999104
8.579999999999604;670.5287119999106
8.589999999999606;672.7897789999107
8.599999999999604;675.0559999999101
8.609999999999602;677.3273809999095
8.619999999999603;679.6039279999095
8.629999999999605;681.8856469999097
8.639999999999603;684.1725439999091
8.6499999999996;686.4646249999083
8.659999999999602;688.7618959999086
8.669999999999604;691.0643629999087
8.679999999999602;693.372031999908
8.6899999999996;695.6849089999073
8.699999999999601;698.0029999999074
8.709999999999603;700.3263109999076
8.719999999999601;702.6548479999069
8.729999999999599;704.9886169999063
8.7399999999996;707.3276239999065
8.749999999999602;709.6718749999065
8.7599999999996;712.021375999906
8.769999999999598;714.3761329999053
8.7799999999996;716.7361519999055
8.789999999999601;719.1014389999056
8.7999999999996;721.4719999999048
8.809999999999597;723.8478409999043
8.819999999999599;726.2289679999044
8.8299999999996;728.6153869999046
8.839999999999598;731.0071039999038
8.849999999999596;733.4041249999032
8.859999999999598;735.8064559999034
8.8699999999996;738.2141029999035
8.879999999999598;740.6270719999027
8.889999999999596;743.045368999902
8.899999999999597;745.4689999999022
8.909999999999599;747.8979709999024
8.919999999999597;750.3322879999017
8.929999999999595;752.771956999901
8.939999999999596;755.2169839999012
8.949999999999598;757.6673749999013
8.959999999999596;760.1231359999007
8.969999999999594;762.5842729998999
8.979999999999595;765.0507919999001
8.989999999999597;767.5226989999003
8.999999999999595;769.9999999998995
9.009999999999593;772.482700999899
9.019999999999595;774.970807999899
9.029999999999596;777.4643269998992
9.039999999999594;779.9632639998985
9.049999999999592;782.4676249998978
9.059999999999594;784.9774159998979
9.069999999999595;787.4926429998981
9.079999999999593;790.0133119998974
9.089999999999591;792.5394289998967
9.099999999999593;795.0709999998968
9.109999999999594;797.6080309998971
9.119999999999592;800.1505279998963
9.12999999999959;802.6984969998955
9.139999999999592;805.2519439998957
9.149999999999594;807.8108749998959
9.159999999999592;810.3752959998951
9.16999999999959;812.9452129998945
9.179999999999591;815.5206319998946
9.189999999999593;818.1015589998948
9.19999999999959;820.687999999894
9.209999999999589;823.2799609998932
9.21999999999959;825.8774479998935
9.229999999999592;828.4804669998936
9.23999999999959;831.0890239998929
9.249999999999588;833.7031249998922
9.25999999999959;836.3227759998923
9.269999999999591;838.9479829998926
9.279999999999589;841.5787519998918
9.289999999999587;844.215088999891
9.299999999999589;846.8569999998912
9.30999999999959;849.5044909998913
9.319999999999588;852.1575679998906
9.329999999999586;854.8162369998898
9.339999999999588;857.4805039998901
9.34999999999959;860.1503749998902
9.359999999999587;862.8258559998894
9.369999999999585;865.5069529998888
9.379999999999587;868.1936719998889
9.389999999999588;870.8860189998891
9.399999999999586;873.5839999998883
9.409999999999584;876.2876209998875
9.419999999999586;878.9968879998878
9.429999999999588;881.7118069998879
9.439999999999586;884.4323839998871
9.449999999999584;887.1586249998865
9.459999999999585;889.8905359998865
9.469999999999587;892.6281229998868
9.479999999999585;895.371391999886
9.489999999999583;898.1203489998852
9.499999999999584;900.8749999998854
9.509999999999586;903.6353509998855
9.519999999999584;906.4014079998849
9.529999999999582;909.173176999884
9.539999999999583;911.9506639998841
9.549999999999585;914.7338749998844
9.559999999999583;917.5228159998836
9.569999999999581;920.3174929998828
9.579999999999583;923.1179119998831
9.589999999999584;925.9240789998831
9.599999999999582;928.7359999998824
9.60999999999958;931.5536809998816
9.619999999999582;934.3771279998817
9.629999999999583;937.206346999882
9.639999999999581;940.0413439998812
9.64999999999958;942.8821249998805
9.659999999999581;945.7286959998806
9.669999999999582;948.5810629998807
9.67999999999958;951.43923199988
9.689999999999579;954.3032089998792
9.69999999999958;957.1729999998793
9.709999999999582;960.0486109998795
9.71999999999958;962.9300479998788
9.729999999999578;965.817316999878
9.73999999999958;968.7104239998781
9.74999999999958;971.6093749998784
9.759999999999579;974.5141759998776
9.769999999999577;977.4248329998767
9.779999999999578;980.3413519998769
9.78999999999958;983.2637389998771
9.799999999999578;986.1919999998762
9.809999999999576;989.1261409998755
9.819999999999578;992.0661679998757
9.829999999999579;995.0120869998759
9.839999999999577;997.963903999875
9.849999999999575;1000.9216249998742
9.859999999999577;1003.8852559998744
9.869999999999578;1006.8548029998746
9.879999999999576;1009.8302719998738
9.889999999999574;1012.811668999873
9.899999999999576;1015.7989999998731
9.909999999999577;1018.7922709998734
9.919999999999575;1021.7914879998725
9.929999999999573;1024.7966569998716
9.939999999999575;1027.8077839998718
9.949999999999577;1030.824874999872
9.959999999999575;1033.8479359998712
9.969999999999573;1036.8769729998703
9.979999999999574;1039.9119919998707
9.989999999999576;1042.9529989998707
