TICKER;DATE;CLOSE;VOL
Сургнфгз-п;05.01.2015;29,6;20022900
Сургнфгз-п;06.01.2015;30,195;20840600
Сургнфгз-п;08.01.2015;31,6;37872400
Сургнфгз-п;09.01.2015;32,01;38485200
Сургнфгз-п;12.01.2015;31,36;40812400
Сургнфгз-п;13.01.2015;32,3;38555400
Сургнфгз-п;14.01.2015;32,7;38187500
Сургнфгз-п;15.01.2015;32,82;36585700
Сургнфгз-п;16.01.2015;34,25;42052000
Сургнфгз-п;19.01.2015;34,9;43344400
Сургнфгз-п;20.01.2015;36,4;64258300
Сургнфгз-п;21.01.2015;36,8;79870200
Сургнфгз-п;22.01.2015;38,1;58098000
Сургнфгз-п;23.01.2015;39,425;80922600
Сургнфгз-п;26.01.2015;38,925;65609700
Сургнфгз-п;27.01.2015;41,415;74160100
Сургнфгз-п;28.01.2015;40,35;89295100
Сургнфгз-п;29.01.2015;40,75;58572300
Сургнфгз-п;30.01.2015;41,6;44669600
Сургнфгз-п;02.02.2015;41,9;30173000
Сургнфгз-п;03.02.2015;42,85;37155600
Сургнфгз-п;04.02.2015;41,895;29053600
Сургнфгз-п;05.02.2015;42,61;42526300
Сургнфгз-п;06.02.2015;43,67;52937400
Сургнфгз-п;09.02.2015;43,7;43628200
Сургнфгз-п;10.02.2015;44,4;23658000
Сургнфгз-п;11.02.2015;43,815;22136800
Сургнфгз-п;12.02.2015;42,31;64190500
Сургнфгз-п;13.02.2015;41,51;87723400
Сургнфгз-п;16.02.2015;41,295;37441300
Сургнфгз-п;17.02.2015;41,455;27835900
Сургнфгз-п;18.02.2015;40,4;35818500
Сургнфгз-п;19.02.2015;40,16;35921600
Сургнфгз-п;20.02.2015;40,35;13032500
Сургнфгз-п;24.02.2015;39,455;39487400
Сургнфгз-п;25.02.2015;38,65;33459200
Сургнфгз-п;26.02.2015;39,66;30456400
Сургнфгз-п;27.02.2015;38,69;37835100
Сургнфгз-п;02.03.2015;41,01;41666900
Сургнфгз-п;03.03.2015;42,325;48150400
Сургнфгз-п;04.03.2015;41,3;18147700
Сургнфгз-п;05.03.2015;42,45;39050200
Сургнфгз-п;06.03.2015;41,225;26657700
Сургнфгз-п;10.03.2015;39,45;44416700
Сургнфгз-п;11.03.2015;40;41972700
Сургнфгз-п;12.03.2015;40,5;26232500
Сургнфгз-п;13.03.2015;40,155;36342500
Сургнфгз-п;16.03.2015;39,8;36564800
Сургнфгз-п;17.03.2015;39,875;27236100
Сургнфгз-п;18.03.2015;40,21;23042000
Сургнфгз-п;19.03.2015;39,7;30215100
Сургнфгз-п;20.03.2015;42,6;227182700
Сургнфгз-п;23.03.2015;42,59;43227400
Сургнфгз-п;24.03.2015;42,605;19019200
Сургнфгз-п;25.03.2015;42,6;35591700
Сургнфгз-п;26.03.2015;41,62;35279600
Сургнфгз-п;27.03.2015;41,7;20849200
Сургнфгз-п;30.03.2015;43,25;55818700
Сургнфгз-п;31.03.2015;44,5;75163800
Сургнфгз-п;01.04.2015;45,35;36219900
Сургнфгз-п;02.04.2015;47,5;52588500
Сургнфгз-п;03.04.2015;46,845;24560600
Сургнфгз-п;06.04.2015;46,5;26155100
Сургнфгз-п;07.04.2015;46;42470200
Сургнфгз-п;08.04.2015;45,895;50749900
Сургнфгз-п;09.04.2015;45,2;50750700
Сургнфгз-п;10.04.2015;44,18;47279300
Сургнфгз-п;13.04.2015;44;32569900
Сургнфгз-п;14.04.2015;43;36125100
Сургнфгз-п;15.04.2015;42,49;35788900
Сургнфгз-п;16.04.2015;42,45;39185500
Сургнфгз-п;17.04.2015;41;51833400
Сургнфгз-п;20.04.2015;41,65;59118800
Сургнфгз-п;21.04.2015;41,455;27611000
Сургнфгз-п;22.04.2015;41;28271900
Сургнфгз-п;23.04.2015;39,3;59000100
Сургнфгз-п;24.04.2015;39,79;62029300
Сургнфгз-п;27.04.2015;39,63;27091200
Сургнфгз-п;28.04.2015;39,375;17590600
Сургнфгз-п;29.04.2015;39,27;22179400
Сургнфгз-п;30.04.2015;38,85;28581900
Сургнфгз-п;05.05.2015;41,36;55202100
Сургнфгз-п;06.05.2015;41,59;46996100
Сургнфгз-п;07.05.2015;41;29937100
Сургнфгз-п;08.05.2015;40,9;14430500
Сургнфгз-п;12.05.2015;37,48;142351300
Сургнфгз-п;13.05.2015;38,105;80668200
Сургнфгз-п;14.05.2015;38,005;34672900
Сургнфгз-п;15.05.2015;39,1;106664900
Сургнфгз-п;18.05.2015;39,445;32485500
Сургнфгз-п;19.05.2015;39,45;37208700
Сургнфгз-п;20.05.2015;38,5;28974700
Сургнфгз-п;21.05.2015;39,2;31926700
Сургнфгз-п;22.05.2015;38,94;22247100
Сургнфгз-п;25.05.2015;38,99;9758200
Сургнфгз-п;26.05.2015;39,16;23654200
Сургнфгз-п;27.05.2015;39,56;35178700
Сургнфгз-п;28.05.2015;39,41;27155300
Сургнфгз-п;29.05.2015;37,2;39210100
Сургнфгз-п;01.06.2015;39,08;31171500
Сургнфгз-п;02.06.2015;38,9;29233100
Сургнфгз-п;03.06.2015;38,75;39584500
Сургнфгз-п;04.06.2015;39,05;28660100
Сургнфгз-п;05.06.2015;39,555;16826500
Сургнфгз-п;08.06.2015;39;29703800
Сургнфгз-п;09.06.2015;38,98;12969200
Сургнфгз-п;10.06.2015;39;11947600
Сургнфгз-п;11.06.2015;39,8;21422400
Сургнфгз-п;15.06.2015;41,045;54126400
Сургнфгз-п;16.06.2015;41,58;39926000
Сургнфгз-п;17.06.2015;41,355;32346800
Сургнфгз-п;18.06.2015;40,895;25111100
Сургнфгз-п;19.06.2015;42,12;42418100
Сургнфгз-п;22.06.2015;42,7;43200600
Сургнфгз-п;23.06.2015;42;33557200
Сургнфгз-п;24.06.2015;42,44;31587200
Сургнфгз-п;25.06.2015;42,3;16328900
Сургнфгз-п;26.06.2015;42,52;26937300
Сургнфгз-п;29.06.2015;42,54;24892300
Сургнфгз-п;30.06.2015;42,65;22155800
Сургнфгз-п;01.07.2015;41,99;23531900
Сургнфгз-п;02.07.2015;41,99;26432000
Сургнфгз-п;03.07.2015;41,575;18638100
Сургнфгз-п;06.07.2015;41,18;31998400
Сургнфгз-п;07.07.2015;41,06;18230500
Сургнфгз-п;08.07.2015;40,105;41156400
Сургнфгз-п;09.07.2015;40,54;23096500
Сургнфгз-п;10.07.2015;39,8;38869900
Сургнфгз-п;13.07.2015;39,4;51699900
Сургнфгз-п;14.07.2015;38,59;80667600
Сургнфгз-п;15.07.2015;32,4;104752400
Сургнфгз-п;16.07.2015;33,6;54870900
Сургнфгз-п;17.07.2015;33,595;39413500
Сургнфгз-п;20.07.2015;33,4;37770300
Сургнфгз-п;21.07.2015;33,855;42822900
Сургнфгз-п;22.07.2015;33,45;23614800
Сургнфгз-п;23.07.2015;33,19;25848400
Сургнфгз-п;24.07.2015;32,755;23784400
Сургнфгз-п;27.07.2015;33,6;37808100
Сургнфгз-п;28.07.2015;34,9;65524100
Сургнфгз-п;29.07.2015;36,1;53740500
Сургнфгз-п;30.07.2015;37,08;60050800
Сургнфгз-п;31.07.2015;37,75;98440900
Сургнфгз-п;03.08.2015;37,4;35537300
Сургнфгз-п;04.08.2015;37,285;26599500
Сургнфгз-п;05.08.2015;36,975;34559800
Сургнфгз-п;06.08.2015;37,23;31894800
Сургнфгз-п;07.08.2015;37,305;14025400
Сургнфгз-п;10.08.2015;38,2;48210800
Сургнфгз-п;11.08.2015;38,33;32709800
Сургнфгз-п;12.08.2015;38,255;30189500
Сургнфгз-п;13.08.2015;38,55;20627200
Сургнфгз-п;14.08.2015;38,6;13074800
Сургнфгз-п;17.08.2015;39,25;39936900
Сургнфгз-п;18.08.2015;39,305;37024100
Сургнфгз-п;19.08.2015;38,65;25139700
Сургнфгз-п;20.08.2015;39,345;38028900
Сургнфгз-п;21.08.2015;39,35;38333400
Сургнфгз-п;24.08.2015;39,395;49625600
Сургнфгз-п;25.08.2015;39,1;27915300
Сургнфгз-п;26.08.2015;39,77;31069300
Сургнфгз-п;27.08.2015;40,3;49344200
Сургнфгз-п;28.08.2015;40,17;19353300
Сургнфгз-п;31.08.2015;40,4;12760200
Сургнфгз-п;01.09.2015;40,19;19834500
Сургнфгз-п;02.09.2015;39,87;16465400
Сургнфгз-п;03.09.2015;40,05;12987400
Сургнфгз-п;04.09.2015;40,145;12844300
Сургнфгз-п;07.09.2015;40,17;4274300
Сургнфгз-п;08.09.2015;40,3;13982200
Сургнфгз-п;09.09.2015;40,54;10466500
Сургнфгз-п;10.09.2015;40,54;18832900
Сургнфгз-п;11.09.2015;40,55;12790700
Сургнфгз-п;14.09.2015;41,22;18697600
Сургнфгз-п;15.09.2015;41,25;24719300
Сургнфгз-п;16.09.2015;41,1;18954000
Сургнфгз-п;17.09.2015;40,97;16055400
Сургнфгз-п;18.09.2015;41,5;33869000
Сургнфгз-п;21.09.2015;41,96;29759700
Сургнфгз-п;22.09.2015;40,975;40363600
Сургнфгз-п;23.09.2015;40,51;23896600
Сургнфгз-п;24.09.2015;39,45;49214300
Сургнфгз-п;25.09.2015;39,31;28692900
Сургнфгз-п;28.09.2015;38,54;19147500
Сургнфгз-п;29.09.2015;39;16014300
Сургнфгз-п;30.09.2015;39,5;26659600
Сургнфгз-п;01.10.2015;38,875;10513500
Сургнфгз-п;02.10.2015;39,085;13383300
Сургнфгз-п;05.10.2015;39,65;21474700
Сургнфгз-п;06.10.2015;40,09;23494200
Сургнфгз-п;07.10.2015;39,9;21749600
Сургнфгз-п;08.10.2015;39,895;13337400
Сургнфгз-п;09.10.2015;40,75;27893700
Сургнфгз-п;12.10.2015;40,64;21856700
Сургнфгз-п;13.10.2015;41,3;13070900
Сургнфгз-п;14.10.2015;41,4;14956400
Сургнфгз-п;15.10.2015;41,605;9528700
Сургнфгз-п;16.10.2015;41,765;16019500
Сургнфгз-п;19.10.2015;41,99;16953700
Сургнфгз-п;20.10.2015;42,05;25338900
Сургнфгз-п;21.10.2015;42,005;35058400
Сургнфгз-п;22.10.2015;42,255;8324800
Сургнфгз-п;23.10.2015;42,75;17458300
Сургнфгз-п;26.10.2015;42,74;21506400
Сургнфгз-п;27.10.2015;42,45;33459300
Сургнфгз-п;28.10.2015;43,195;30789800
Сургнфгз-п;29.10.2015;43,3;15150300
Сургнфгз-п;30.10.2015;43,49;12950900
Сургнфгз-п;02.11.2015;43,49;9159200
Сургнфгз-п;03.11.2015;44,25;18306600
Сургнфгз-п;05.11.2015;44,4;16734100
Сургнфгз-п;06.11.2015;43,01;14089500
Сургнфгз-п;09.11.2015;43;16469200
Сургнфгз-п;10.11.2015;42,9;10818500
Сургнфгз-п;11.11.2015;42,415;11205000
Сургнфгз-п;12.11.2015;41,99;16516300
Сургнфгз-п;13.11.2015;44;41012000
Сургнфгз-п;16.11.2015;44,31;42778300
Сургнфгз-п;17.11.2015;44,27;20565500
Сургнфгз-п;18.11.2015;43,75;21917100
Сургнфгз-п;19.11.2015;42,96;35419800
Сургнфгз-п;20.11.2015;42;47136300
Сургнфгз-п;23.11.2015;43,175;28524200
Сургнфгз-п;24.11.2015;42,785;38847800
Сургнфгз-п;25.11.2015;44,77;29816000
Сургнфгз-п;26.11.2015;44,595;32039200
Сургнфгз-п;27.11.2015;43,79;12520400
Сургнфгз-п;30.11.2015;42,285;19165700
Сургнфгз-п;01.12.2015;42,625;19934800
Сургнфгз-п;02.12.2015;42,255;13832200
Сургнфгз-п;03.12.2015;42,5;12781000
Сургнфгз-п;04.12.2015;42,21;28413900
Сургнфгз-п;07.12.2015;43,08;27595200
Сургнфгз-п;08.12.2015;44,2;42777900
Сургнфгз-п;09.12.2015;43,8;18923400
Сургнфгз-п;10.12.2015;42,4;34504300
Сургнфгз-п;11.12.2015;42,155;29868200
Сургнфгз-п;14.12.2015;41,85;57516000
Сургнфгз-п;15.12.2015;42,495;37645200
Сургнфгз-п;16.12.2015;42,705;20560700
Сургнфгз-п;17.12.2015;43,295;25191500
Сургнфгз-п;18.12.2015;42,15;87217400
Сургнфгз-п;21.12.2015;43,15;14975200
Сургнфгз-п;22.12.2015;43,34;16297900
Сургнфгз-п;23.12.2015;44,29;24807400
Сургнфгз-п;24.12.2015;43,755;8325500
Сургнфгз-п;25.12.2015;43,765;3462700
Сургнфгз-п;28.12.2015;43,45;7492100
Сургнфгз-п;29.12.2015;44,05;11407200
Сургнфгз-п;30.12.2015;44,225;11414900
Сургнфгз-п;04.01.2016;43,69;5686200
Сургнфгз-п;05.01.2016;43,9;5983600
Сургнфгз-п;06.01.2016;43,6;5824700
Сургнфгз-п;11.01.2016;43,4;20184100
Сургнфгз-п;12.01.2016;44,02;22621400
Сургнфгз-п;13.01.2016;43,9;11913800
Сургнфгз-п;14.01.2016;44,2;22765600
Сургнфгз-п;15.01.2016;43;42457800
Сургнфгз-п;18.01.2016;45;32691200
Сургнфгз-п;19.01.2016;45,7;40842500
Сургнфгз-п;20.01.2016;45,22;29773600
Сургнфгз-п;21.01.2016;46,4;32847800
Сургнфгз-п;22.01.2016;45,875;29953400
Сургнфгз-п;25.01.2016;45,35;23318700
Сургнфгз-п;26.01.2016;43,43;61569500
Сургнфгз-п;27.01.2016;44,21;25130200
Сургнфгз-п;28.01.2016;44,085;44934000
Сургнфгз-п;29.01.2016;45,995;64612600
Сургнфгз-п;01.02.2016;45,7;20770400
Сургнфгз-п;02.02.2016;44,6;25877600
Сургнфгз-п;03.02.2016;44,2;18451500
Сургнфгз-п;04.02.2016;44,21;37994600
Сургнфгз-п;05.02.2016;44,3;17661700
Сургнфгз-п;08.02.2016;43,05;51493800
Сургнфгз-п;09.02.2016;43,145;32424700
Сургнфгз-п;10.02.2016;43,2;20734300
Сургнфгз-п;11.02.2016;42,62;41058100
Сургнфгз-п;12.02.2016;43,2;37245800
Сургнфгз-п;15.02.2016;44,195;15953300
Сургнфгз-п;16.02.2016;44,425;25482500
Сургнфгз-п;17.02.2016;44,6;32392700
Сургнфгз-п;18.02.2016;44,5;27351200
Сургнфгз-п;19.02.2016;44,39;24886600
Сургнфгз-п;20.02.2016;44,19;6668200
Сургнфгз-п;22.02.2016;44,445;13547700
Сургнфгз-п;24.02.2016;44,1;24502000
Сургнфгз-п;25.02.2016;44,37;18667000
Сургнфгз-п;26.02.2016;44,32;24407300
Сургнфгз-п;29.02.2016;44,195;19400200
Сургнфгз-п;01.03.2016;43,42;28799300
Сургнфгз-п;02.03.2016;43,465;28614500
Сургнфгз-п;03.03.2016;43,97;20988600
Сургнфгз-п;04.03.2016;44,05;12222500
Сургнфгз-п;07.03.2016;45,2;28805000
Сургнфгз-п;09.03.2016;44,8;23805700
Сургнфгз-п;10.03.2016;45,225;20861700
Сургнфгз-п;11.03.2016;45,12;25357700
Сургнфгз-п;14.03.2016;44,99;13852100
Сургнфгз-п;15.03.2016;44,905;35349100
Сургнфгз-п;16.03.2016;45,245;14503400
Сургнфгз-п;17.03.2016;45,205;46505300
Сургнфгз-п;18.03.2016;43,55;82996300
Сургнфгз-п;21.03.2016;43,43;42712900
Сургнфгз-п;22.03.2016;43,96;27487900
Сургнфгз-п;23.03.2016;44,045;24172000
Сургнфгз-п;24.03.2016;44,155;15800500
Сургнфгз-п;25.03.2016;44,12;4103400
Сургнфгз-п;28.03.2016;44,285;14508000
Сургнфгз-п;29.03.2016;44,505;23509600
Сургнфгз-п;30.03.2016;44,45;21923300
Сургнфгз-п;31.03.2016;44,96;39424800
Сургнфгз-п;01.04.2016;44,9;31180000
Сургнфгз-п;04.04.2016;45,04;14383800
Сургнфгз-п;05.04.2016;44,99;15247400
Сургнфгз-п;06.04.2016;44,735;11939400
Сургнфгз-п;07.04.2016;44,545;20787400
Сургнфгз-п;08.04.2016;44,205;16212100
Сургнфгз-п;11.04.2016;43,725;29585100
Сургнфгз-п;12.04.2016;43,3;31851400
Сургнфгз-п;13.04.2016;43,43;57514400
Сургнфгз-п;14.04.2016;43,85;30492400
Сургнфгз-п;15.04.2016;43,795;17736700
Сургнфгз-п;18.04.2016;43,425;21421400
Сургнфгз-п;19.04.2016;43,185;14039600
Сургнфгз-п;20.04.2016;43,28;26452300
Сургнфгз-п;21.04.2016;42,45;32412400
Сургнфгз-п;22.04.2016;42,7;29359400
Сургнфгз-п;25.04.2016;43;18227200
Сургнфгз-п;26.04.2016;43,095;12897800
Сургнфгз-п;27.04.2016;42,95;12421800
Сургнфгз-п;28.04.2016;42,7;14596400
Сургнфгз-п;29.04.2016;42;55483500
Сургнфгз-п;04.05.2016;40,98;40891000
Сургнфгз-п;05.05.2016;40,71;15315400
Сургнфгз-п;06.05.2016;40,98;9077500
Сургнфгз-п;10.05.2016;40,025;21125200
Сургнфгз-п;11.05.2016;41,045;28962900
Сургнфгз-п;12.05.2016;42,395;29520900
Сургнфгз-п;13.05.2016;40,93;50202000
Сургнфгз-п;16.05.2016;41,1;22531900
Сургнфгз-п;17.05.2016;42,385;62047100
Сургнфгз-п;18.05.2016;42,75;33876400
Сургнфгз-п;19.05.2016;42,25;31396800
Сургнфгз-п;20.05.2016;41,745;32122200
Сургнфгз-п;23.05.2016;41,735;13802000
Сургнфгз-п;24.05.2016;41,535;16941100
Сургнфгз-п;25.05.2016;41,21;19199700
Сургнфгз-п;26.05.2016;41,39;28964600
Сургнфгз-п;27.05.2016;41,6;15030800
Сургнфгз-п;30.05.2016;41,62;8109000
Сургнфгз-п;31.05.2016;41,45;19803400
Сургнфгз-п;01.06.2016;41,4;12618400
Сургнфгз-п;02.06.2016;40,51;28932700
Сургнфгз-п;03.06.2016;41,01;15614200
Сургнфгз-п;06.06.2016;41,625;19328900
Сургнфгз-п;07.06.2016;41,6;18953500
Сургнфгз-п;08.06.2016;40,95;49849900
Сургнфгз-п;09.06.2016;40,55;32488900
Сургнфгз-п;10.06.2016;39,85;38018500
Сургнфгз-п;14.06.2016;38,55;72646900
Сургнфгз-п;15.06.2016;38,1;82139400
Сургнфгз-п;16.06.2016;38,59;27399900
Сургнфгз-п;17.06.2016;38,85;30089000
Сургнфгз-п;20.06.2016;38,985;15281500
Сургнфгз-п;21.06.2016;38,6;20163300
Сургнфгз-п;22.06.2016;38,65;16288400
Сургнфгз-п;23.06.2016;38,51;33018200
Сургнфгз-п;24.06.2016;39,2;28382100
Сургнфгз-п;27.06.2016;38,755;30316700
Сургнфгз-п;28.06.2016;38,745;23370300
Сургнфгз-п;29.06.2016;38,4;28917900
Сургнфгз-п;30.06.2016;38,4;19248000
Сургнфгз-п;01.07.2016;38,605;13273900
Сургнфгз-п;04.07.2016;39,005;20435800
Сургнфгз-п;05.07.2016;39,54;30039700
Сургнфгз-п;06.07.2016;39,85;33679400
Сургнфгз-п;07.07.2016;39,49;48749200
Сургнфгз-п;08.07.2016;39,95;44836400
Сургнфгз-п;11.07.2016;40,5;32661800
Сургнфгз-п;12.07.2016;40,88;52674700
Сургнфгз-п;13.07.2016;40,99;49260300
Сургнфгз-п;14.07.2016;41,4;80849400
Сургнфгз-п;15.07.2016;36;227404700
Сургнфгз-п;18.07.2016;34,2;197206700
Сургнфгз-п;19.07.2016;32,3;154813400
Сургнфгз-п;20.07.2016;33,02;70429000
Сургнфгз-п;21.07.2016;33,475;53049100
Сургнфгз-п;22.07.2016;33,5;41846300
Сургнфгз-п;25.07.2016;33,96;31670100
Сургнфгз-п;26.07.2016;34,2;53263700
Сургнфгз-п;27.07.2016;33,91;25808900
Сургнфгз-п;28.07.2016;33,31;34718800
Сургнфгз-п;29.07.2016;32,6;47279200
Сургнфгз-п;01.08.2016;32;60022800
Сургнфгз-п;02.08.2016;31,195;62500900
Сургнфгз-п;03.08.2016;31,6;41937200
Сургнфгз-п;04.08.2016;32,1;36662800
Сургнфгз-п;05.08.2016;32,22;20841000
Сургнфгз-п;08.08.2016;32,27;16636000
Сургнфгз-п;09.08.2016;32,49;20224800
Сургнфгз-п;10.08.2016;32,7;24584600
Сургнфгз-п;11.08.2016;33,445;40695500
Сургнфгз-п;12.08.2016;33,62;31046300
Сургнфгз-п;15.08.2016;33,25;35622800
Сургнфгз-п;16.08.2016;32,885;30130600
Сургнфгз-п;17.08.2016;33,145;18658800
Сургнфгз-п;18.08.2016;32,96;14000200
Сургнфгз-п;19.08.2016;32,95;23867400
Сургнфгз-п;22.08.2016;33,05;13697100
Сургнфгз-п;23.08.2016;32,855;17070200
Сургнфгз-п;24.08.2016;32,4;27666400
Сургнфгз-п;25.08.2016;31,16;98156600
Сургнфгз-п;26.08.2016;31,62;45542000
Сургнфгз-п;29.08.2016;32,08;22117200
Сургнфгз-п;30.08.2016;32,025;21690700
Сургнфгз-п;31.08.2016;32,74;43044400
Сургнфгз-п;01.09.2016;32,355;25235200
Сургнфгз-п;02.09.2016;32,335;24648100
Сургнфгз-п;05.09.2016;32,005;18918400
Сургнфгз-п;06.09.2016;31,71;31634000
Сургнфгз-п;07.09.2016;31,58;30358100
Сургнфгз-п;08.09.2016;31,22;49053800
Сургнфгз-п;09.09.2016;31,69;29271800
Сургнфгз-п;12.09.2016;31,495;35137100
Сургнфгз-п;13.09.2016;31,25;28297200
Сургнфгз-п;14.09.2016;31,005;24646500
Сургнфгз-п;15.09.2016;30,14;57191700
Сургнфгз-п;16.09.2016;29,42;52444600
Сургнфгз-п;19.09.2016;28,84;63305600
Сургнфгз-п;20.09.2016;29,735;59211700
Сургнфгз-п;21.09.2016;30;48128300
Сургнфгз-п;22.09.2016;30,12;25657200
Сургнфгз-п;23.09.2016;29,825;30067200
Сургнфгз-п;26.09.2016;29,9;13884400
Сургнфгз-п;27.09.2016;29,81;20146800
Сургнфгз-п;28.09.2016;29,77;22663000
Сургнфгз-п;29.09.2016;29,46;35645300
Сургнфгз-п;30.09.2016;28,995;45417700
Сургнфгз-п;03.10.2016;28,535;26962400
Сургнфгз-п;04.10.2016;28,585;28293900
Сургнфгз-п;05.10.2016;28,78;21368200
Сургнфгз-п;06.10.2016;29,7;36316400
Сургнфгз-п;07.10.2016;29,99;41212300
Сургнфгз-п;10.10.2016;30,13;17496300
Сургнфгз-п;11.10.2016;29,695;17056600
Сургнфгз-п;12.10.2016;30,095;24613200
Сургнфгз-п;13.10.2016;30,195;22347300
Сургнфгз-п;14.10.2016;30,495;18105800
Сургнфгз-п;17.10.2016;30,54;32449200
Сургнфгз-п;18.10.2016;30,24;24074200
Сургнфгз-п;19.10.2016;29,55;18319300
Сургнфгз-п;20.10.2016;29,7;19285800
Сургнфгз-п;21.10.2016;29,425;11097900
Сургнфгз-п;24.10.2016;29;18393500
Сургнфгз-п;25.10.2016;29,515;25687500
Сургнфгз-п;26.10.2016;29,17;14403400
Сургнфгз-п;27.10.2016;29,21;17051000
Сургнфгз-п;28.10.2016;29,17;10672200
Сургнфгз-п;31.10.2016;28,73;30885400
Сургнфгз-п;01.11.2016;28,15;36460100
Сургнфгз-п;02.11.2016;29;86577400
Сургнфгз-п;03.11.2016;29,3;51941400
Сургнфгз-п;07.11.2016;28,66;22970800
Сургнфгз-п;08.11.2016;29,29;31443400
Сургнфгз-п;09.11.2016;29,79;33001900
Сургнфгз-п;10.11.2016;29,505;52308400
Сургнфгз-п;11.11.2016;29,63;34666200
Сургнфгз-п;14.11.2016;29,555;23327300
Сургнфгз-п;15.11.2016;29,51;21039700
Сургнфгз-п;16.11.2016;29,44;15022700
Сургнфгз-п;17.11.2016;29,695;24541800
Сургнфгз-п;18.11.2016;29,65;11675400
Сургнфгз-п;21.11.2016;29,46;11469500
Сургнфгз-п;22.11.2016;29,165;23401700
Сургнфгз-п;23.11.2016;29,3;25133800
Сургнфгз-п;24.11.2016;29,07;19969400
Сургнфгз-п;25.11.2016;29,39;18776700
Сургнфгз-п;28.11.2016;29,8;30755600
Сургнфгз-п;29.11.2016;30,75;44822500
Сургнфгз-п;30.11.2016;31,415;65863100
Сургнфгз-п;01.12.2016;31,5;59820000
Сургнфгз-п;02.12.2016;31,14;28370600
Сургнфгз-п;05.12.2016;31,72;20430900
Сургнфгз-п;06.12.2016;31,8;36110100
Сургнфгз-п;07.12.2016;31,85;22675200
Сургнфгз-п;08.12.2016;33,4;75036100
Сургнфгз-п;09.12.2016;33,27;53011600
Сургнфгз-п;12.12.2016;32,095;55576700
Сургнфгз-п;13.12.2016;32,735;41812400
Сургнфгз-п;14.12.2016;32,645;30449800
Сургнфгз-п;15.12.2016;32,305;40126600
Сургнфгз-п;16.12.2016;32,265;27746000
Сургнфгз-п;19.12.2016;32,195;31095400
Сургнфгз-п;20.12.2016;32,1;13206500
Сургнфгз-п;21.12.2016;31,31;29207000
Сургнфгз-п;22.12.2016;31,08;33086400
Сургнфгз-п;23.12.2016;31,25;19585500
Сургнфгз-п;26.12.2016;30,8;11836400
Сургнфгз-п;27.12.2016;31,09;10070600
Сургнфгз-п;28.12.2016;31,55;24043800
Сургнфгз-п;29.12.2016;31,9;22451700
Сургнфгз-п;30.12.2016;32,07;24276000
Сургнфгз-п;03.01.2017;33;23467300
Сургнфгз-п;04.01.2017;32,9;13596800
Сургнфгз-п;05.01.2017;32,25;20192200
Сургнфгз-п;06.01.2017;32,545;11049900
Сургнфгз-п;09.01.2017;32,22;14632900
Сургнфгз-п;10.01.2017;32,19;23682400
Сургнфгз-п;11.01.2017;31,92;20511700
Сургнфгз-п;12.01.2017;32,365;26213300
Сургнфгз-п;13.01.2017;32,295;12621400
Сургнфгз-п;16.01.2017;31,9;14094100
Сургнфгз-п;17.01.2017;32,1;24758400
Сургнфгз-п;18.01.2017;31,9;10403000
Сургнфгз-п;19.01.2017;32,18;18857500
Сургнфгз-п;20.01.2017;32,635;42085800
Сургнфгз-п;23.01.2017;32,4;12100200
Сургнфгз-п;24.01.2017;32,8;28750000
Сургнфгз-п;25.01.2017;32,71;10641800
Сургнфгз-п;26.01.2017;33,81;57167600
Сургнфгз-п;27.01.2017;33,255;48197100
Сургнфгз-п;30.01.2017;33,6;20699800
Сургнфгз-п;31.01.2017;34,35;65478300
Сургнфгз-п;01.02.2017;34,845;31534700
Сургнфгз-п;02.02.2017;34,5;17843200
Сургнфгз-п;03.02.2017;35,38;68211800
Сургнфгз-п;06.02.2017;35,19;31567100
Сургнфгз-п;07.02.2017;35,4;34199900
Сургнфгз-п;08.02.2017;35,105;23166500
Сургнфгз-п;09.02.2017;35,65;41804400
Сургнфгз-п;10.02.2017;34,7;40939000
Сургнфгз-п;13.02.2017;34,06;32630600
Сургнфгз-п;14.02.2017;34;16828300
Сургнфгз-п;15.02.2017;34,55;21311700
Сургнфгз-п;16.02.2017;35,115;23304500
Сургнфгз-п;17.02.2017;34,87;16955400
Сургнфгз-п;20.02.2017;34,64;15319400
Сургнфгз-п;21.02.2017;34,995;13892200
Сургнфгз-п;22.02.2017;34,27;24072600
Сургнфгз-п;24.02.2017;33,555;12591900
Сургнфгз-п;27.02.2017;32,205;29824000
Сургнфгз-п;28.02.2017;31,81;55585600
Сургнфгз-п;01.03.2017;32,3;21547500
Сургнфгз-п;02.03.2017;32,5;20769400
Сургнфгз-п;03.03.2017;32,49;12650000
Сургнфгз-п;06.03.2017;32,02;13594000
Сургнфгз-п;07.03.2017;31,125;23771300
Сургнфгз-п;09.03.2017;32,15;63584800
Сургнфгз-п;10.03.2017;31,9;28787900
Сургнфгз-п;13.03.2017;31,755;15613800
Сургнфгз-п;14.03.2017;32,2;19335700
Сургнфгз-п;15.03.2017;31,99;12866300
Сургнфгз-п;16.03.2017;31,805;27192100
Сургнфгз-п;17.03.2017;32,905;53040600
Сургнфгз-п;20.03.2017;33,325;24132900
Сургнфгз-п;21.03.2017;33,51;17872500
Сургнфгз-п;22.03.2017;33,99;18654300
Сургнфгз-п;23.03.2017;33,365;15742200
Сургнфгз-п;24.03.2017;33,15;7301200
Сургнфгз-п;27.03.2017;32,66;14460000
Сургнфгз-п;28.03.2017;33,395;17034200
Сургнфгз-п;29.03.2017;32,785;11873100
Сургнфгз-п;30.03.2017;32,625;11371500
Сургнфгз-п;31.03.2017;32,19;16451600
Сургнфгз-п;03.04.2017;32,005;10771100
Сургнфгз-п;04.04.2017;32,31;14868400
Сургнфгз-п;05.04.2017;32,615;20140400
Сургнфгз-п;06.04.2017;32,855;11033100
Сургнфгз-п;07.04.2017;33,05;25507300
Сургнфгз-п;10.04.2017;32,125;22773200
Сургнфгз-п;11.04.2017;31,4;19815900
Сургнфгз-п;12.04.2017;30,18;42944000
Сургнфгз-п;13.04.2017;30,9;73870700
Сургнфгз-п;14.04.2017;29,9;13963900
Сургнфгз-п;17.04.2017;30,18;9673500
Сургнфгз-п;18.04.2017;29,565;23406400
Сургнфгз-п;19.04.2017;29,415;12433300
Сургнфгз-п;20.04.2017;28,995;28987000
Сургнфгз-п;21.04.2017;29,495;11266200
Сургнфгз-п;24.04.2017;29,5;12386700
Сургнфгз-п;25.04.2017;30,5;26240000
Сургнфгз-п;26.04.2017;31,38;32516400
Сургнфгз-п;27.04.2017;31,3;11469600
Сургнфгз-п;28.04.2017;30,505;22752300
Сургнфгз-п;02.05.2017;30,58;9182000
Сургнфгз-п;03.05.2017;30,975;16733300
Сургнфгз-п;04.05.2017;31,855;22267900
Сургнфгз-п;05.05.2017;31,595;27187500
Сургнфгз-п;10.05.2017;31,4;19338600
Сургнфгз-п;11.05.2017;31,185;20109100
Сургнфгз-п;12.05.2017;31,3;12390800
Сургнфгз-п;15.05.2017;30,505;30669400
Сургнфгз-п;16.05.2017;29,995;23096900
Сургнфгз-п;17.05.2017;29,68;19594100
Сургнфгз-п;18.05.2017;29,88;19852100
Сургнфгз-п;19.05.2017;29,68;14363500
Сургнфгз-п;22.05.2017;29,235;17685400
Сургнфгз-п;23.05.2017;29,73;15427800
Сургнфгз-п;24.05.2017;29,115;16751000
Сургнфгз-п;25.05.2017;29,515;18201200
Сургнфгз-п;26.05.2017;29,67;12923400
Сургнфгз-п;29.05.2017;30,04;15948300
Сургнфгз-п;30.05.2017;29,7;9540700
Сургнфгз-п;31.05.2017;28,225;31161700
Сургнфгз-п;01.06.2017;27,68;67739200
Сургнфгз-п;02.06.2017;27,945;25195800
Сургнфгз-п;05.06.2017;27,795;11833200
Сургнфгз-п;06.06.2017;28;17724800
Сургнфгз-п;07.06.2017;27,245;27306200
Сургнфгз-п;08.06.2017;27,55;57741000
Сургнфгз-п;09.06.2017;27,41;13548900
Сургнфгз-п;13.06.2017;26,905;20418100
Сургнфгз-п;14.06.2017;26,71;23466400
Сургнфгз-п;15.06.2017;26,84;63606100
Сургнфгз-п;16.06.2017;27,37;28431200
Сургнфгз-п;19.06.2017;27,795;18812400
Сургнфгз-п;20.06.2017;28,995;43229000
Сургнфгз-п;21.06.2017;28,985;43928600
Сургнфгз-п;22.06.2017;28,685;21090500
Сургнфгз-п;23.06.2017;29,135;16750400
Сургнфгз-п;26.06.2017;28,7;11028200
Сургнфгз-п;27.06.2017;28,655;10738200
Сургнфгз-п;28.06.2017;28,51;19782300
Сургнфгз-п;29.06.2017;28,545;18410000
Сургнфгз-п;30.06.2017;28,49;10508700
Сургнфгз-п;03.07.2017;28,625;11539200
Сургнфгз-п;04.07.2017;28,48;9122000
Сургнфгз-п;05.07.2017;28,395;32033900
Сургнфгз-п;06.07.2017;28,3;23017600
Сургнфгз-п;07.07.2017;28,535;24400900
Сургнфгз-п;10.07.2017;28,5;15093400
Сургнфгз-п;11.07.2017;29,585;44860700
Сургнфгз-п;12.07.2017;29,2;29171100
Сургнфгз-п;13.07.2017;29,375;26036800
Сургнфгз-п;14.07.2017;28,9;15158100
Сургнфгз-п;17.07.2017;28,935;14157300
Сургнфгз-п;18.07.2017;28,635;14767000
Сургнфгз-п;19.07.2017;28,71;11887100
Сургнфгз-п;20.07.2017;28,635;6872100
Сургнфгз-п;21.07.2017;28,4;10902700
Сургнфгз-п;24.07.2017;28,68;16354100
Сургнфгз-п;25.07.2017;28,46;17130400
Сургнфгз-п;26.07.2017;28,35;9721800
Сургнфгз-п;27.07.2017;28,235;7540300
Сургнфгз-п;28.07.2017;27,925;17592500
Сургнфгз-п;31.07.2017;28,8;36623900
Сургнфгз-п;01.08.2017;29,695;33012600
Сургнфгз-п;02.08.2017;29,4;35317800
Сургнфгз-п;03.08.2017;29,79;22363000
Сургнфгз-п;04.08.2017;29,73;10549400
Сургнфгз-п;07.08.2017;29,77;29183400
Сургнфгз-п;08.08.2017;29,545;10705500
Сургнфгз-п;09.08.2017;29,795;11083200
Сургнфгз-п;10.08.2017;29,63;19509600
Сургнфгз-п;11.08.2017;29,1;18542600
Сургнфгз-п;14.08.2017;29,305;16688400
Сургнфгз-п;15.08.2017;29,435;9508000
Сургнфгз-п;16.08.2017;28,66;16369300
Сургнфгз-п;17.08.2017;28,55;12182300
Сургнфгз-п;18.08.2017;28,74;9007800
Сургнфгз-п;21.08.2017;28,835;6419100
Сургнфгз-п;22.08.2017;28,85;4560200
Сургнфгз-п;23.08.2017;28,31;16882200
Сургнфгз-п;24.08.2017;28,495;6289900
Сургнфгз-п;25.08.2017;28,545;6918300
Сургнфгз-п;28.08.2017;28,41;9157700
Сургнфгз-п;29.08.2017;28,49;11843100
Сургнфгз-п;30.08.2017;28,5;14515400
Сургнфгз-п;31.08.2017;29;16192000
Сургнфгз-п;01.09.2017;29,39;30362100
Сургнфгз-п;04.09.2017;29,01;10470800
Сургнфгз-п;05.09.2017;29,08;13218100
Сургнфгз-п;06.09.2017;29,215;18006000
Сургнфгз-п;07.09.2017;28,985;11390100
Сургнфгз-п;08.09.2017;29;21416900
Сургнфгз-п;11.09.2017;28,82;17082000
Сургнфгз-п;12.09.2017;28,965;10311500
Сургнфгз-п;13.09.2017;29;17446400
Сургнфгз-п;14.09.2017;29,65;20157200
Сургнфгз-п;15.09.2017;29,87;19493200
Сургнфгз-п;18.09.2017;29,6;12881200
Сургнфгз-п;19.09.2017;29,69;15913500
Сургнфгз-п;20.09.2017;29,75;13452800
Сургнфгз-п;21.09.2017;29,6;19212500
Сургнфгз-п;22.09.2017;29,5;10486800
Сургнфгз-п;25.09.2017;29,305;18099600
Сургнфгз-п;26.09.2017;29,6;21196700
Сургнфгз-п;27.09.2017;29,635;14612200
Сургнфгз-п;28.09.2017;29,45;15713400
Сургнфгз-п;29.09.2017;29,6;6047100
Сургнфгз-п;02.10.2017;29,575;8605100
Сургнфгз-п;03.10.2017;29,29;9373300
Сургнфгз-п;04.10.2017;29,38;8430000
Сургнфгз-п;05.10.2017;29,425;8289000
Сургнфгз-п;06.10.2017;29,555;11267900
Сургнфгз-п;09.10.2017;29,615;6010400
Сургнфгз-п;10.10.2017;29,6;4413100
Сургнфгз-п;11.10.2017;29,5;16671300
Сургнфгз-п;12.10.2017;29,91;14579700
Сургнфгз-п;13.10.2017;29,91;16144100
Сургнфгз-п;16.10.2017;29,9;10279600
Сургнфгз-п;17.10.2017;29,81;12578400
Сургнфгз-п;18.10.2017;29,75;15073100
Сургнфгз-п;19.10.2017;29,25;15124000
Сургнфгз-п;20.10.2017;29,195;11391900
Сургнфгз-п;23.10.2017;28,725;17600800
Сургнфгз-п;24.10.2017;28,825;7883400
Сургнфгз-п;25.10.2017;28,355;16016000
Сургнфгз-п;26.10.2017;28,4;12827100
Сургнфгз-п;27.10.2017;28,885;23508700
Сургнфгз-п;30.10.2017;28,805;20755800
Сургнфгз-п;31.10.2017;29;11936000
Сургнфгз-п;01.11.2017;29,7;21506800
Сургнфгз-п;02.11.2017;29,45;14508500
Сургнфгз-п;03.11.2017;29,43;13095300
Сургнфгз-п;07.11.2017;30,59;41528300
Сургнфгз-п;08.11.2017;31,455;33630100
Сургнфгз-п;09.11.2017;31,5;31230800
Сургнфгз-п;10.11.2017;30,76;18665300
Сургнфгз-п;13.11.2017;30,32;22266200
Сургнфгз-п;14.11.2017;30,83;27650400
Сургнфгз-п;15.11.2017;30,4;21134300
Сургнфгз-п;16.11.2017;29,8;15562000
Сургнфгз-п;17.11.2017;29,81;13092700
Сургнфгз-п;20.11.2017;30,135;5807500
Сургнфгз-п;21.11.2017;30,05;13342300
Сургнфгз-п;22.11.2017;29,86;8464700
Сургнфгз-п;23.11.2017;30,1;8453200
Сургнфгз-п;24.11.2017;30,335;7833600
Сургнфгз-п;27.11.2017;29,98;7773600
Сургнфгз-п;28.11.2017;29,565;17683100
Сургнфгз-п;29.11.2017;29,25;14326300
Сургнфгз-п;30.11.2017;28,39;28807400
Сургнфгз-п;01.12.2017;28,88;12386600
Сургнфгз-п;04.12.2017;28,705;13678900
Сургнфгз-п;05.12.2017;28,845;8334700
Сургнфгз-п;06.12.2017;29,27;13218100
Сургнфгз-п;07.12.2017;28,835;18909100
Сургнфгз-п;08.12.2017;29,205;11796500
Сургнфгз-п;11.12.2017;29,985;16994600
Сургнфгз-п;12.12.2017;29,995;14749200
Сургнфгз-п;13.12.2017;29,235;13900700
Сургнфгз-п;14.12.2017;29,19;17057200
Сургнфгз-п;15.12.2017;29,89;21543400
Сургнфгз-п;18.12.2017;29,65;14686400
Сургнфгз-п;19.12.2017;29,08;17409600
Сургнфгз-п;20.12.2017;28,745;20672300
Сургнфгз-п;21.12.2017;28,375;29590500
Сургнфгз-п;22.12.2017;28,49;15700500
Сургнфгз-п;25.12.2017;28,365;4029300
Сургнфгз-п;26.12.2017;28;14925800
Сургнфгз-п;27.12.2017;28,105;13056100
Сургнфгз-п;28.12.2017;28,12;10381900
Сургнфгз-п;29.12.2017;28,145;11597100
Сургнфгз-п;03.01.2018;28,545;10774300
Сургнфгз-п;04.01.2018;28,49;21161600
Сургнфгз-п;05.01.2018;28,48;11404800
Сургнфгз-п;09.01.2018;28,6;25369200
Сургнфгз-п;10.01.2018;28,625;29015200
Сургнфгз-п;11.01.2018;28,76;23536900
Сургнфгз-п;12.01.2018;28,97;14293700
Сургнфгз-п;15.01.2018;29,145;12582100
Сургнфгз-п;16.01.2018;29,64;18807800
Сургнфгз-п;17.01.2018;30,42;37048800
Сургнфгз-п;18.01.2018;31,1;35944800
Сургнфгз-п;19.01.2018;31;21555600
Сургнфгз-п;22.01.2018;31,27;22527000
Сургнфгз-п;23.01.2018;31,51;23746400
Сургнфгз-п;24.01.2018;30,955;22746100
Сургнфгз-п;25.01.2018;31,63;40599900
Сургнфгз-п;26.01.2018;31,825;32765200
Сургнфгз-п;29.01.2018;31,51;19710900
Сургнфгз-п;30.01.2018;30,7;24637100
Сургнфгз-п;31.01.2018;29,685;36700700
Сургнфгз-п;01.02.2018;29,815;17000100
Сургнфгз-п;02.02.2018;30,47;19735500
Сургнфгз-п;05.02.2018;31,25;24543200
Сургнфгз-п;06.02.2018;29,925;27167000
Сургнфгз-п;07.02.2018;29,865;25674100
Сургнфгз-п;08.02.2018;29,81;20861900
Сургнфгз-п;09.02.2018;29,5;19338600
Сургнфгз-п;12.02.2018;29,74;22114100
Сургнфгз-п;13.02.2018;30,075;25069300
Сургнфгз-п;14.02.2018;29,88;19378000
Сургнфгз-п;15.02.2018;29,85;13292900
Сургнфгз-п;16.02.2018;29,665;14837900
Сургнфгз-п;19.02.2018;29,445;9590900
Сургнфгз-п;20.02.2018;29,485;11065400
Сургнфгз-п;21.02.2018;29,8;19546000
Сургнфгз-п;22.02.2018;30,27;32444200
Сургнфгз-п;26.02.2018;30,9;23836600
Сургнфгз-п;27.02.2018;30,28;14276700
Сургнфгз-п;28.02.2018;29,5;20999400
Сургнфгз-п;01.03.2018;29,935;14083000
Сургнфгз-п;02.03.2018;30,1;13855900
Сургнфгз-п;05.03.2018;30,135;14850800
Сургнфгз-п;06.03.2018;29,68;21792500
Сургнфгз-п;07.03.2018;29,65;30507700
Сургнфгз-п;09.03.2018;30,195;16088300
Сургнфгз-п;12.03.2018;30;14007000
Сургнфгз-п;13.03.2018;30,4;17899500
Сургнфгз-п;14.03.2018;29,78;29076700
Сургнфгз-п;15.03.2018;30,145;25775900
Сургнфгз-п;16.03.2018;30,26;94476900
Сургнфгз-п;19.03.2018;30,54;14541400
Сургнфгз-п;20.03.2018;30,3;16949900
Сургнфгз-п;21.03.2018;30,2;11893600
Сургнфгз-п;22.03.2018;29,815;13180000
Сургнфгз-п;23.03.2018;29,92;13457000
Сургнфгз-п;26.03.2018;29,18;17073700
Сургнфгз-п;27.03.2018;29;23291600
Сургнфгз-п;28.03.2018;29,05;21058500
Сургнфгз-п;29.03.2018;29,69;23451200
Сургнфгз-п;30.03.2018;29,56;7391100
Сургнфгз-п;02.04.2018;29,275;11307200
Сургнфгз-п;03.04.2018;29,035;13938000
Сургнфгз-п;04.04.2018;29,24;9953000
Сургнфгз-п;05.04.2018;29,6;15569400
Сургнфгз-п;06.04.2018;29,7;13984200
Сургнфгз-п;09.04.2018;28,29;53745600
Сургнфгз-п;10.04.2018;30,175;71611800
Сургнфгз-п;11.04.2018;29,7;57629200
Сургнфгз-п;12.04.2018;30,285;35326200
Сургнфгз-п;13.04.2018;29,93;23928500
Сургнфгз-п;16.04.2018;29,69;25637000
Сургнфгз-п;17.04.2018;29,98;18132900
Сургнфгз-п;18.04.2018;30,34;31910700
Сургнфгз-п;19.04.2018;30,28;19955300
Сургнфгз-п;20.04.2018;30,54;35227300
Сургнфгз-п;23.04.2018;30,5;26580200
Сургнфгз-п;24.04.2018;30,28;11858800
Сургнфгз-п;25.04.2018;30,5;12704300
Сургнфгз-п;26.04.2018;31,395;33152700
Сургнфгз-п;27.04.2018;30,835;37656300
Сургнфгз-п;28.04.2018;30,98;2808900
Сургнфгз-п;30.04.2018;31,015;12363300
Сургнфгз-п;02.05.2018;31;12420600
Сургнфгз-п;03.05.2018;31,205;17888400
Сургнфгз-п;04.05.2018;31,265;9869600
Сургнфгз-п;07.05.2018;31,36;10897000
Сургнфгз-п;08.05.2018;31,36;12720500
Сургнфгз-п;10.05.2018;31,12;17792800
Сургнфгз-п;11.05.2018;31,6;19909000
Сургнфгз-п;14.05.2018;31,72;12328100
Сургнфгз-п;15.05.2018;32,13;38364700
Сургнфгз-п;16.05.2018;32,6;24697200
Сургнфгз-п;17.05.2018;33,145;28465900
Сургнфгз-п;18.05.2018;32,45;31232500
Сургнфгз-п;21.05.2018;32,56;18318500
Сургнфгз-п;22.05.2018;33,05;23516200
Сургнфгз-п;23.05.2018;31,98;28037400
Сургнфгз-п;24.05.2018;31,9;18059600
Сургнфгз-п;25.05.2018;31,8;23562900
Сургнфгз-п;28.05.2018;31,59;10104700
Сургнфгз-п;29.05.2018;31,29;15828700
Сургнфгз-п;30.05.2018;31;13904600
Сургнфгз-п;31.05.2018;30,48;34480700
Сургнфгз-п;01.06.2018;31,05;28822700
Сургнфгз-п;04.06.2018;31,51;7312400
Сургнфгз-п;05.06.2018;31,55;9440000
Сургнфгз-п;06.06.2018;31,4;7765600
Сургнфгз-п;07.06.2018;32,29;20321500
Сургнфгз-п;08.06.2018;31,13;21419300
Сургнфгз-п;09.06.2018;31,315;1410100
Сургнфгз-п;11.06.2018;31,135;4583100
Сургнфгз-п;13.06.2018;31,6;15792600
Сургнфгз-п;14.06.2018;31,79;17216200
Сургнфгз-п;15.06.2018;31,11;26360400
Сургнфгз-п;18.06.2018;31,255;12095800
Сургнфгз-п;19.06.2018;31,33;15975500
Сургнфгз-п;20.06.2018;31,5;16292600
Сургнфгз-п;21.06.2018;31,31;18870600
Сургнфгз-п;22.06.2018;31,01;16865500
Сургнфгз-п;25.06.2018;31,05;6743500
Сургнфгз-п;26.06.2018;31,24;10000100
Сургнфгз-п;27.06.2018;31,31;13979200
Сургнфгз-п;28.06.2018;31,07;16209100
Сургнфгз-п;29.06.2018;31,625;18007000
Сургнфгз-п;02.07.2018;31,6;14778600
Сургнфгз-п;03.07.2018;31,65;12060200
Сургнфгз-п;04.07.2018;31,9;9397500
Сургнфгз-п;05.07.2018;32,9;26592800
Сургнфгз-п;06.07.2018;33,3;35237500
Сургнфгз-п;09.07.2018;33,8;18576600
Сургнфгз-п;10.07.2018;33,6;21509400
Сургнфгз-п;11.07.2018;33,2;24439300
Сургнфгз-п;12.07.2018;33,06;15112600
Сургнфгз-п;13.07.2018;33,29;9602100
Сургнфгз-п;16.07.2018;33,495;16491700
Сургнфгз-п;17.07.2018;33,4;15807600
Сургнфгз-п;18.07.2018;32,9;22617000
Сургнфгз-п;19.07.2018;32,72;12197100
Сургнфгз-п;20.07.2018;32,95;10993200
Сургнфгз-п;23.07.2018;32,93;9606000
Сургнфгз-п;24.07.2018;32,53;8222100
Сургнфгз-п;25.07.2018;33;16079600
Сургнфгз-п;26.07.2018;33,35;13040700
Сургнфгз-п;27.07.2018;33,5;15137900
Сургнфгз-п;30.07.2018;34,27;39742100
Сургнфгз-п;31.07.2018;34,55;22067400
Сургнфгз-п;01.08.2018;35;23753000
Сургнфгз-п;02.08.2018;34,1;17185200
Сургнфгз-п;03.08.2018;34,45;17043500
Сургнфгз-п;06.08.2018;34,04;18947100
Сургнфгз-п;07.08.2018;34,47;11237900
Сургнфгз-п;08.08.2018;35,1;28345500
Сургнфгз-п;09.08.2018;35,15;30439800
Сургнфгз-п;10.08.2018;36,085;33830700
Сургнфгз-п;13.08.2018;36,265;35453100
Сургнфгз-п;14.08.2018;37;32048000
Сургнфгз-п;15.08.2018;36,7;24328200
Сургнфгз-п;16.08.2018;36,045;21793400
Сургнфгз-п;17.08.2018;36;13747000
Сургнфгз-п;20.08.2018;35,92;9324800
Сургнфгз-п;21.08.2018;35,52;21241800
Сургнфгз-п;22.08.2018;36,1;30876400
Сургнфгз-п;23.08.2018;35,76;23683300
Сургнфгз-п;24.08.2018;35,88;9860800
Сургнфгз-п;27.08.2018;35,92;9858300
Сургнфгз-п;28.08.2018;36,06;11864600
Сургнфгз-п;29.08.2018;36,915;39037700
Сургнфгз-п;30.08.2018;36,88;28250100
Сургнфгз-п;31.08.2018;37,42;29978600
Сургнфгз-п;03.09.2018;38,145;14928700
Сургнфгз-п;04.09.2018;38,22;24147000
Сургнфгз-п;05.09.2018;37,465;16814900
Сургнфгз-п;06.09.2018;37,82;21109100
Сургнфгз-п;07.09.2018;37,215;24252200
Сургнфгз-п;10.09.2018;38,5;31008000
Сургнфгз-п;11.09.2018;38,35;22982300
Сургнфгз-п;12.09.2018;37,45;21599500
Сургнфгз-п;13.09.2018;36,9;26536300
Сургнфгз-п;14.09.2018;37,5;26328400
Сургнфгз-п;17.09.2018;37,56;8628800
Сургнфгз-п;18.09.2018;37,3;16638200
Сургнфгз-п;19.09.2018;37,175;21271700
Сургнфгз-п;20.09.2018;37,2;47952700
Сургнфгз-п;21.09.2018;38,6;58154500
Сургнфгз-п;24.09.2018;37,43;40625600
Сургнфгз-п;25.09.2018;37,2;26097200
Сургнфгз-п;26.09.2018;37,635;21671400
Сургнфгз-п;27.09.2018;38,635;33186100
Сургнфгз-п;28.09.2018;38,07;27361800
Сургнфгз-п;01.10.2018;38,39;12290100
Сургнфгз-п;02.10.2018;38,105;12837500
Сургнфгз-п;03.10.2018;38,12;16556400
Сургнфгз-п;04.10.2018;37,305;37454900
Сургнфгз-п;05.10.2018;37,2;27123600
Сургнфгз-п;08.10.2018;37,75;12022200
Сургнфгз-п;09.10.2018;37,7;14290200
Сургнфгз-п;10.10.2018;37,89;23007800
Сургнфгз-п;11.10.2018;37,105;26956600
Сургнфгз-п;12.10.2018;37,495;15144600
Сургнфгз-п;15.10.2018;37,24;7873100
Сургнфгз-п;16.10.2018;37,3;15454600
Сургнфгз-п;17.10.2018;37,5;15629700
Сургнфгз-п;18.10.2018;37,5;19622400
Сургнфгз-п;19.10.2018;37,3;9150000
Сургнфгз-п;22.10.2018;35,945;23699100
Сургнфгз-п;23.10.2018;36,11;14784200
Сургнфгз-п;24.10.2018;36,3;17279300
Сургнфгз-п;25.10.2018;35,97;21644600
Сургнфгз-п;26.10.2018;36,14;20653200
Сургнфгз-п;29.10.2018;36,525;17457800
Сургнфгз-п;30.10.2018;36,605;11318000
Сургнфгз-п;31.10.2018;38,135;34786000
Сургнфгз-п;01.11.2018;38,6;42887700
Сургнфгз-п;02.11.2018;38,46;19903700
Сургнфгз-п;06.11.2018;38,5;22362800
Сургнфгз-п;07.11.2018;37,99;32168900
Сургнфгз-п;08.11.2018;37,69;28254000
Сургнфгз-п;09.11.2018;38,32;19643900
Сургнфгз-п;12.11.2018;37,8;21754000
Сургнфгз-п;13.11.2018;38,235;20420700
Сургнфгз-п;14.11.2018;37,885;26625300
Сургнфгз-п;15.11.2018;38,02;14449000
Сургнфгз-п;16.11.2018;37,86;9660800
Сургнфгз-п;19.11.2018;37,315;28765600
Сургнфгз-п;20.11.2018;36,79;19853500
Сургнфгз-п;21.11.2018;36,93;14583000
Сургнфгз-п;22.11.2018;37,48;9656600
Сургнфгз-п;23.11.2018;38,12;17082300
Сургнфгз-п;26.11.2018;37,95;25363800
Сургнфгз-п;27.11.2018;37,2;22838700
Сургнфгз-п;28.11.2018;37,4;18356400
Сургнфгз-п;29.11.2018;37,145;20519800
Сургнфгз-п;30.11.2018;37,75;31211300
Сургнфгз-п;03.12.2018;37,67;25183600
Сургнфгз-п;04.12.2018;37,995;13906100
Сургнфгз-п;05.12.2018;38,57;19180600
Сургнфгз-п;06.12.2018;39,13;30660600
Сургнфгз-п;07.12.2018;38,55;18770700
Сургнфгз-п;10.12.2018;38,17;10052000
Сургнфгз-п;11.12.2018;38,115;12920400
Сургнфгз-п;12.12.2018;37,93;14524000
Сургнфгз-п;13.12.2018;37,84;21425200
Сургнфгз-п;14.12.2018;38,1;8498400
Сургнфгз-п;17.12.2018;38,32;17138900
Сургнфгз-п;18.12.2018;39,1;27795600
Сургнфгз-п;19.12.2018;39,09;24404800
Сургнфгз-п;20.12.2018;39,4;18960200
Сургнфгз-п;21.12.2018;38,92;21499800
Сургнфгз-п;24.12.2018;38,615;9333800
Сургнфгз-п;25.12.2018;38,725;9023500
Сургнфгз-п;26.12.2018;38,8;8288300
Сургнфгз-п;27.12.2018;39;19702300
Сургнфгз-п;28.12.2018;38,915;11877700
Сургнфгз-п;29.12.2018;39,395;4207100
Сургнфгз-п;03.01.2019;39,15;15698400
Сургнфгз-п;04.01.2019;38,8;13014000
Сургнфгз-п;08.01.2019;38,66;15721800
Сургнфгз-п;09.01.2019;38,39;23675700
Сургнфгз-п;10.01.2019;39;22876000
Сургнфгз-п;11.01.2019;39,17;18110800
Сургнфгз-п;14.01.2019;39,77;15684300
Сургнфгз-п;15.01.2019;40,465;28881400
Сургнфгз-п;16.01.2019;40,63;17308800
Сургнфгз-п;17.01.2019;40,79;18590100
Сургнфгз-п;18.01.2019;41,175;28205300
Сургнфгз-п;21.01.2019;41,14;12908900
Сургнфгз-п;22.01.2019;41,325;12585500
Сургнфгз-п;23.01.2019;41,2;10028800
Сургнфгз-п;24.01.2019;40,8;18756000
Сургнфгз-п;25.01.2019;40,59;25043100
Сургнфгз-п;28.01.2019;40,255;12710300
Сургнфгз-п;29.01.2019;40,8;13747000
Сургнфгз-п;30.01.2019;40,865;13393200
Сургнфгз-п;31.01.2019;40,57;15235200
Сургнфгз-п;01.02.2019;40,535;23042800
Сургнфгз-п;04.02.2019;40,6;8388400
Сургнфгз-п;05.02.2019;40,85;7774100
Сургнфгз-п;06.02.2019;40,945;7011200
Сургнфгз-п;07.02.2019;40,7;8535100
Сургнфгз-п;08.02.2019;40,55;12469800
Сургнфгз-п;11.02.2019;40,39;6871600
Сургнфгз-п;12.02.2019;40,52;8986800
Сургнфгз-п;13.02.2019;39,985;16538800
Сургнфгз-п;14.02.2019;40,32;21105500
Сургнфгз-п;15.02.2019;40,32;7538700
Сургнфгз-п;18.02.2019;40,165;6347800
Сургнфгз-п;19.02.2019;40,17;6871500
Сургнфгз-п;20.02.2019;40,175;10969900
Сургнфгз-п;21.02.2019;40,22;13168400
Сургнфгз-п;22.02.2019;40,25;11605200
Сургнфгз-п;25.02.2019;40,385;8189100
Сургнфгз-п;26.02.2019;40,73;13060700
Сургнфгз-п;27.02.2019;40,605;11810500
Сургнфгз-п;28.02.2019;40,175;9648200
Сургнфгз-п;01.03.2019;40,245;6207400
Сургнфгз-п;04.03.2019;40,17;9440700
Сургнфгз-п;05.03.2019;40,1;8025800
Сургнфгз-п;06.03.2019;40,16;9041600
Сургнфгз-п;07.03.2019;40,26;6943200
Сургнфгз-п;11.03.2019;39,94;13374800
Сургнфгз-п;12.03.2019;39,8;10632800
Сургнфгз-п;13.03.2019;39,85;11944400
Сургнфгз-п;14.03.2019;39,63;6571500
Сургнфгз-п;15.03.2019;39,95;14526900
Сургнфгз-п;18.03.2019;39,865;8884700
Сургнфгз-п;19.03.2019;40,105;12794700
Сургнфгз-п;20.03.2019;40,36;12931000
Сургнфгз-п;21.03.2019;40,48;15294100
Сургнфгз-п;22.03.2019;40,23;9756700
Сургнфгз-п;25.03.2019;39,93;9782200
Сургнфгз-п;26.03.2019;40,1;10428400
Сургнфгз-п;27.03.2019;40,14;9776100
Сургнфгз-п;28.03.2019;40,4;8834100
Сургнфгз-п;29.03.2019;40,98;30406000
Сургнфгз-п;01.04.2019;41,7;23131400
Сургнфгз-п;02.04.2019;41,06;18670800
Сургнфгз-п;03.04.2019;40,7;14023900
Сургнфгз-п;04.04.2019;40,835;7245700
Сургнфгз-п;05.04.2019;40,515;9272600
Сургнфгз-п;08.04.2019;40,6;12481400
Сургнфгз-п;09.04.2019;40,53;10133400
Сургнфгз-п;10.04.2019;40,455;22982700
Сургнфгз-п;11.04.2019;40,45;10209600
Сургнфгз-п;12.04.2019;40,42;9240400
Сургнфгз-п;15.04.2019;40,12;10498300
Сургнфгз-п;16.04.2019;39,9;16672100
Сургнфгз-п;17.04.2019;39,88;17812100
Сургнфгз-п;18.04.2019;39,73;12802300
Сургнфгз-п;19.04.2019;39,9;4349500
Сургнфгз-п;22.04.2019;39,965;5074300
Сургнфгз-п;23.04.2019;39,4;23171200
Сургнфгз-п;24.04.2019;39,25;28400500
Сургнфгз-п;25.04.2019;39,885;15108000
Сургнфгз-п;26.04.2019;39,735;16841400
Сургнфгз-п;29.04.2019;39,26;11108800
Сургнфгз-п;30.04.2019;39,165;16453400
Сургнфгз-п;02.05.2019;39,14;5955000
Сургнфгз-п;03.05.2019;39,645;7795100
Сургнфгз-п;06.05.2019;39,25;9360700
Сургнфгз-п;07.05.2019;39,46;13786600
Сургнфгз-п;08.05.2019;39,25;11124100
Сургнфгз-п;10.05.2019;39,15;7496300
Сургнфгз-п;13.05.2019;39,005;13184600
Сургнфгз-п;14.05.2019;38,88;17038400
Сургнфгз-п;15.05.2019;38,56;17460100
Сургнфгз-п;16.05.2019;38,37;20914900
Сургнфгз-п;17.05.2019;39,5;67397000
Сургнфгз-п;20.05.2019;40,515;52298100
Сургнфгз-п;21.05.2019;40;24750100
Сургнфгз-п;22.05.2019;40,385;22881300
Сургнфгз-п;23.05.2019;40,46;12388700
Сургнфгз-п;24.05.2019;40,56;17637900
Сургнфгз-п;27.05.2019;40,535;8286000
Сургнфгз-п;28.05.2019;40,57;37033100
Сургнфгз-п;29.05.2019;40,945;15918600
Сургнфгз-п;30.05.2019;40,7;13167500
Сургнфгз-п;31.05.2019;40,465;17558800
Сургнфгз-п;03.06.2019;40,83;19374400
Сургнфгз-п;04.06.2019;40,65;15277700
Сургнфгз-п;05.06.2019;40,605;11273300
Сургнфгз-п;06.06.2019;40,69;13211000
Сургнфгз-п;07.06.2019;40,59;13321400
Сургнфгз-п;10.06.2019;40,845;11814800
Сургнфгз-п;11.06.2019;41,525;27307500
Сургнфгз-п;13.06.2019;41,15;23612100
Сургнфгз-п;14.06.2019;40,91;14666600
Сургнфгз-п;17.06.2019;41,25;18514300
Сургнфгз-п;18.06.2019;41,385;19504700
Сургнфгз-п;19.06.2019;41,325;12434100
Сургнфгз-п;20.06.2019;40,995;40226000
Сургнфгз-п;21.06.2019;41,215;20863200
Сургнфгз-п;24.06.2019;41,25;10591000
Сургнфгз-п;25.06.2019;41,41;19758800
Сургнфгз-п;26.06.2019;41,535;20143000
Сургнфгз-п;27.06.2019;42,4;25226900
Сургнфгз-п;28.06.2019;42,61;28998800
Сургнфгз-п;01.07.2019;43,34;26549000
Сургнфгз-п;02.07.2019;43,5;35604700
Сургнфгз-п;03.07.2019;43,445;27877700
Сургнфгз-п;04.07.2019;43,56;22561600
Сургнфгз-п;05.07.2019;43,43;15825500
Сургнфгз-п;08.07.2019;43,495;18130100
Сургнфгз-п;09.07.2019;43,48;11568000
Сургнфгз-п;10.07.2019;43,1;25778100
Сургнфгз-п;11.07.2019;41,81;38666900
Сургнфгз-п;12.07.2019;42,56;25622100
Сургнфгз-п;15.07.2019;42,04;38210800
Сургнфгз-п;16.07.2019;41,95;59358700
Сургнфгз-п;17.07.2019;34,545;83756000
Сургнфгз-п;18.07.2019;33,575;47599100
Сургнфгз-п;19.07.2019;32,5;55414300
Сургнфгз-п;22.07.2019;31,2;90149600
Сургнфгз-п;23.07.2019;31,28;76226600
Сургнфгз-п;24.07.2019;31,12;30376700
Сургнфгз-п;25.07.2019;31,22;46048500
Сургнфгз-п;26.07.2019;30,79;44644100
Сургнфгз-п;29.07.2019;31,795;49604700
Сургнфгз-п;30.07.2019;31,3;79601300
Сургнфгз-п;31.07.2019;31,14;30913400
Сургнфгз-п;01.08.2019;31,68;34086100
Сургнфгз-п;02.08.2019;32;60728900
Сургнфгз-п;05.08.2019;31,395;37007400
Сургнфгз-п;06.08.2019;31,74;26686800
Сургнфгз-п;07.08.2019;31,75;19545500
Сургнфгз-п;08.08.2019;31,71;19284900
Сургнфгз-п;09.08.2019;31,78;13818400
Сургнфгз-п;12.08.2019;31,97;11003000
Сургнфгз-п;13.08.2019;31,9;27367700
Сургнфгз-п;14.08.2019;31,735;21831400
Сургнфгз-п;15.08.2019;32,345;42312100
Сургнфгз-п;16.08.2019;31,89;18803200
Сургнфгз-п;19.08.2019;32;29883000
Сургнфгз-п;20.08.2019;31,9;18290100
Сургнфгз-п;21.08.2019;31,465;31621700
Сургнфгз-п;22.08.2019;31,46;26252000
Сургнфгз-п;23.08.2019;31,3;20148600
Сургнфгз-п;26.08.2019;31,27;10296800
Сургнфгз-п;27.08.2019;31,77;51710000
Сургнфгз-п;28.08.2019;31,93;20097200
Сургнфгз-п;29.08.2019;32,135;24929200
Сургнфгз-п;30.08.2019;32,245;28893500
Сургнфгз-п;02.09.2019;33,8;113937700
Сургнфгз-п;03.09.2019;38,055;413772200
Сургнфгз-п;04.09.2019;38,06;243010500
Сургнфгз-п;05.09.2019;36,14;129366600
Сургнфгз-п;06.09.2019;35,475;62389000
Сургнфгз-п;09.09.2019;34,57;54331300
Сургнфгз-п;10.09.2019;35,25;45966000
Сургнфгз-п;11.09.2019;36,4;64943200
Сургнфгз-п;12.09.2019;37,14;110432100
Сургнфгз-п;13.09.2019;37,3;61748800
Сургнфгз-п;16.09.2019;37,88;72245100
Сургнфгз-п;17.09.2019;38,23;79974800
Сургнфгз-п;18.09.2019;38;54886900
Сургнфгз-п;19.09.2019;37,715;53009400
Сургнфгз-п;20.09.2019;37,845;38009400
Сургнфгз-п;23.09.2019;37,815;17916600
Сургнфгз-п;24.09.2019;37,17;20435200
Сургнфгз-п;25.09.2019;36,96;35583400
Сургнфгз-п;26.09.2019;37,02;16108000
Сургнфгз-п;27.09.2019;36,71;7427400
Сургнфгз-п;30.09.2019;37,46;22797000
Сургнфгз-п;01.10.2019;37,35;25775900
Сургнфгз-п;02.10.2019;36,75;16115000
Сургнфгз-п;03.10.2019;36,695;16742500
Сургнфгз-п;04.10.2019;36,57;10961100
Сургнфгз-п;07.10.2019;36,81;11551900
Сургнфгз-п;08.10.2019;37,075;13714300
Сургнфгз-п;09.10.2019;37,4;14336600
Сургнфгз-п;10.10.2019;37,74;11094300
Сургнфгз-п;11.10.2019;37,875;16180200
Сургнфгз-п;14.10.2019;37,46;13004400
Сургнфгз-п;15.10.2019;37,72;13034700
Сургнфгз-п;16.10.2019;37,89;18821600
Сургнфгз-п;17.10.2019;37,89;10170600
Сургнфгз-п;18.10.2019;37,97;8801500
Сургнфгз-п;21.10.2019;38,15;15752400
Сургнфгз-п;22.10.2019;38,26;14026800
Сургнфгз-п;23.10.2019;39,3;138725200
Сургнфгз-п;24.10.2019;39,5;112848500
Сургнфгз-п;25.10.2019;39,41;99605100
Сургнфгз-п;28.10.2019;38,415;84103900
Сургнфгз-п;29.10.2019;38,38;41611400
Сургнфгз-п;30.10.2019;38;41738500
Сургнфгз-п;31.10.2019;37,68;33488200
Сургнфгз-п;01.11.2019;37,99;39833500
Сургнфгз-п;05.11.2019;38,025;25552900
Сургнфгз-п;06.11.2019;38,31;19310700
Сургнфгз-п;07.11.2019;38,715;20576500
Сургнфгз-п;08.11.2019;38,475;11484500
Сургнфгз-п;11.11.2019;38,99;23609800
Сургнфгз-п;12.11.2019;38,59;26302000
Сургнфгз-п;13.11.2019;37,945;24602700
Сургнфгз-п;14.11.2019;38,19;21731300
Сургнфгз-п;15.11.2019;37,7;14112600
Сургнфгз-п;18.11.2019;37,45;21348000
Сургнфгз-п;19.11.2019;37,52;14699300
Сургнфгз-п;20.11.2019;37,64;19874300
Сургнфгз-п;21.11.2019;37,4;9763400
Сургнфгз-п;22.11.2019;37,44;12170300
Сургнфгз-п;25.11.2019;37,295;11394800
Сургнфгз-п;26.11.2019;36,57;47346400
Сургнфгз-п;27.11.2019;36,385;17578200
Сургнфгз-п;28.11.2019;36,35;11531400
Сургнфгз-п;29.11.2019;36,09;19828000
Сургнфгз-п;02.12.2019;35,59;18471900
Сургнфгз-п;03.12.2019;35,34;23168500
Сургнфгз-п;04.12.2019;35,3;28942400
Сургнфгз-п;05.12.2019;35,69;16767100
Сургнфгз-п;06.12.2019;36,745;22995000
Сургнфгз-п;09.12.2019;37,17;30416800
Сургнфгз-п;10.12.2019;36,895;16334700
Сургнфгз-п;11.12.2019;36,775;22213900
Сургнфгз-п;12.12.2019;37,325;42819900
Сургнфгз-п;13.12.2019;37,365;22598400
Сургнфгз-п;16.12.2019;37,07;25113300
Сургнфгз-п;17.12.2019;37,385;20102600
Сургнфгз-п;18.12.2019;37,05;24903800
Сургнфгз-п;19.12.2019;37,17;20682900
Сургнфгз-п;20.12.2019;37,8;28740500
Сургнфгз-п;23.12.2019;38,19;42722600
Сургнфгз-п;24.12.2019;37,915;21785700
Сургнфгз-п;25.12.2019;37,71;8807600
Сургнфгз-п;26.12.2019;38,2;12539200
Сургнфгз-п;27.12.2019;38,26;16541700
Сургнфгз-п;30.12.2019;37,725;15966900
Сургнфгз-п;03.01.2020;38,125;22603200
Сургнфгз-п;06.01.2020;38,18;17366000
Сургнфгз-п;08.01.2020;38;20234000
Сургнфгз-п;09.01.2020;37,65;26261900
Сургнфгз-п;10.01.2020;36,975;35103600
Сургнфгз-п;13.01.2020;37,065;32296900
Сургнфгз-п;14.01.2020;36,98;24457500
Сургнфгз-п;15.01.2020;37,27;26428600
Сургнфгз-п;16.01.2020;37,245;35871000
Сургнфгз-п;17.01.2020;37,25;30202500
Сургнфгз-п;20.01.2020;36,96;24288600
Сургнфгз-п;21.01.2020;37,665;52960400
Сургнфгз-п;22.01.2020;37;29262500
Сургнфгз-п;23.01.2020;36,77;30562200
Сургнфгз-п;24.01.2020;36,53;16462900
Сургнфгз-п;27.01.2020;35,69;30270500
Сургнфгз-п;28.01.2020;35,74;22907800
Сургнфгз-п;29.01.2020;36;27911800
Сургнфгз-п;30.01.2020;35,64;25417700
Сургнфгз-п;31.01.2020;36,105;34577500
Сургнфгз-п;03.02.2020;34,7;52531900
Сургнфгз-п;04.02.2020;35,2;40569600
Сургнфгз-п;05.02.2020;34,8;42598900
Сургнфгз-п;06.02.2020;34,77;41894700
Сургнфгз-п;07.02.2020;35;54385800
Сургнфгз-п;10.02.2020;35,135;28468200
Сургнфгз-п;11.02.2020;35,4;21489300
Сургнфгз-п;12.02.2020;35,425;26667100
Сургнфгз-п;13.02.2020;35,35;25050800
Сургнфгз-п;14.02.2020;35,2;25333300
Сургнфгз-п;17.02.2020;35,535;13185000
Сургнфгз-п;18.02.2020;34,95;21532600
Сургнфгз-п;19.02.2020;35,3;17954800
Сургнфгз-п;20.02.2020;35,355;16322400
Сургнфгз-п;21.02.2020;35,36;15018500
Сургнфгз-п;25.02.2020;34,9;32758800
Сургнфгз-п;26.02.2020;34,765;55425400
Сургнфгз-п;27.02.2020;33,755;75671400
Сургнфгз-п;28.02.2020;32,77;99478000
Сургнфгз-п;02.03.2020;32,705;61241800
Сургнфгз-п;03.03.2020;32,93;32446800
Сургнфгз-п;04.03.2020;34,32;58777400
Сургнфгз-п;05.03.2020;33,705;32433200
Сургнфгз-п;06.03.2020;34,04;75630100
Сургнфгз-п;10.03.2020;37,92;235328200
Сургнфгз-п;11.03.2020;37,59;73865100
Сургнфгз-п;12.03.2020;37,065;148980100
Сургнфгз-п;13.03.2020;35,73;75523600
Сургнфгз-п;16.03.2020;36;64491500
Сургнфгз-п;17.03.2020;36,9;57509800
Сургнфгз-п;18.03.2020;36,1;76309000
Сургнфгз-п;19.03.2020;36,525;65683300
Сургнфгз-п;20.03.2020;35,71;77334300
Сургнфгз-п;23.03.2020;35,02;45043000
Сургнфгз-п;24.03.2020;35,2;64107700
Сургнфгз-п;25.03.2020;35,4;69448500
Сургнфгз-п;26.03.2020;35,895;68840200
Сургнфгз-п;27.03.2020;35,405;57450100
Сургнфгз-п;30.03.2020;37;42341200
Сургнфгз-п;31.03.2020;37,6;85706600
Сургнфгз-п;01.04.2020;37,8;53941700
Сургнфгз-п;02.04.2020;38,9;47365700
Сургнфгз-п;03.04.2020;38,6;46591600
Сургнфгз-п;06.04.2020;38,86;43018300
Сургнфгз-п;07.04.2020;37,47;41590700
Сургнфгз-п;08.04.2020;38,7;33875100
Сургнфгз-п;09.04.2020;38,255;37623800
Сургнфгз-п;10.04.2020;38,13;11119800
Сургнфгз-п;13.04.2020;37,65;9139500
Сургнфгз-п;14.04.2020;37,755;14351600
Сургнфгз-п;15.04.2020;36,75;32432600
Сургнфгз-п;16.04.2020;36,555;21820700
Сургнфгз-п;17.04.2020;36,995;16326200
Сургнфгз-п;20.04.2020;37,57;21453000
Сургнфгз-п;21.04.2020;37,05;30783700
Сургнфгз-п;22.04.2020;37,115;25060200
Сургнфгз-п;23.04.2020;37,1;19239100
Сургнфгз-п;24.04.2020;36,85;13785000
Сургнфгз-п;27.04.2020;36,415;20864900
Сургнфгз-п;28.04.2020;36,41;28850300
Сургнфгз-п;29.04.2020;36,665;16404300
Сургнфгз-п;30.04.2020;36,34;34632800
Сургнфгз-п;04.05.2020;36,27;20130900
Сургнфгз-п;05.05.2020;36,155;9262000
Сургнфгз-п;06.05.2020;35,89;19849100
Сургнфгз-п;07.05.2020;35,79;21921800
Сургнфгз-п;08.05.2020;35,82;17511800
Сургнфгз-п;12.05.2020;35,725;14607600
Сургнфгз-п;13.05.2020;35,5;16128500
Сургнфгз-п;14.05.2020;36,33;35829400
Сургнфгз-п;15.05.2020;35,95;27451500
Сургнфгз-п;18.05.2020;36,5;34107000
Сургнфгз-п;19.05.2020;36,55;15828000
Сургнфгз-п;20.05.2020;36,855;29543200
Сургнфгз-п;21.05.2020;36,015;28441100
Сургнфгз-п;22.05.2020;35,605;24826000
Сургнфгз-п;25.05.2020;36,7;18766000
Сургнфгз-п;26.05.2020;36,35;25837100
Сургнфгз-п;27.05.2020;36,365;29999300
Сургнфгз-п;28.05.2020;36,4;16752900
Сургнфгз-п;29.05.2020;35,41;74644300
Сургнфгз-п;01.06.2020;35,415;24320800
Сургнфгз-п;02.06.2020;35,64;35421900
Сургнфгз-п;03.06.2020;34,9;76619000
Сургнфгз-п;04.06.2020;34,455;52244000
Сургнфгз-п;05.06.2020;34,595;42009400
Сургнфгз-п;08.06.2020;34,145;45084400
Сургнфгз-п;09.06.2020;34,3;43230300
Сургнфгз-п;10.06.2020;34,83;55848000
Сургнфгз-п;11.06.2020;34,77;47086800
Сургнфгз-п;15.06.2020;34,54;44346900
Сургнфгз-п;16.06.2020;34,875;44728900
Сургнфгз-п;17.06.2020;34,785;39687100
Сургнфгз-п;18.06.2020;34,8;27106500
Сургнфгз-п;19.06.2020;34,925;31972700
Сургнфгз-п;22.06.2020;34,95;25694300
Сургнфгз-п;23.06.2020;35,11;26269000
Сургнфгз-п;25.06.2020;34,6;33208300
Сургнфгз-п;26.06.2020;34,69;15246500
Сургнфгз-п;29.06.2020;34,81;13016800
Сургнфгз-п;30.06.2020;35,19;24570800
Сургнфгз-п;02.07.2020;35,05;24888200
Сургнфгз-п;03.07.2020;35,52;22673000
Сургнфгз-п;06.07.2020;36,045;35874900
Сургнфгз-п;07.07.2020;35,95;34205800
Сургнфгз-п;08.07.2020;35,84;24283800
Сургнфгз-п;09.07.2020;36;32447800
Сургнфгз-п;10.07.2020;36,15;16935300
Сургнфгз-п;13.07.2020;35,725;25439600
Сургнфгз-п;14.07.2020;35,9;24282400
Сургнфгз-п;15.07.2020;36,125;27192300
Сургнфгз-п;16.07.2020;36,07;23792400
Сургнфгз-п;17.07.2020;36,22;36765400
Сургнфгз-п;20.07.2020;36,28;13972500
Сургнфгз-п;21.07.2020;36,13;24338700
Сургнфгз-п;22.07.2020;36,115;13780600
Сургнфгз-п;23.07.2020;35,905;19724300
Сургнфгз-п;24.07.2020;36,26;17022800
Сургнфгз-п;27.07.2020;36,665;24046600
Сургнфгз-п;28.07.2020;36,8;19988600
Сургнфгз-п;29.07.2020;37,44;33746600
Сургнфгз-п;30.07.2020;37,49;32487100
Сургнфгз-п;31.07.2020;37,555;38595700
Сургнфгз-п;03.08.2020;36,9;28507900
Сургнфгз-п;04.08.2020;36,785;27224000
Сургнфгз-п;05.08.2020;36,54;59048900
Сургнфгз-п;06.08.2020;36,655;19860500
Сургнфгз-п;07.08.2020;36,735;15816000
Сургнфгз-п;10.08.2020;36,925;16925800
Сургнфгз-п;11.08.2020;37,255;30060400
Сургнфгз-п;12.08.2020;37,9;28706200
Сургнфгз-п;13.08.2020;38,145;23694400
Сургнфгз-п;14.08.2020;37,8;18856000
Сургнфгз-п;17.08.2020;37,99;20958700
Сургнфгз-п;18.08.2020;37,81;17408300
Сургнфгз-п;19.08.2020;37,535;17277600
Сургнфгз-п;20.08.2020;37,56;18479800
Сургнфгз-п;21.08.2020;37,855;28342600
Сургнфгз-п;24.08.2020;37,66;17455900
Сургнфгз-п;25.08.2020;38,08;22178400
Сургнфгз-п;26.08.2020;38,53;34563700
Сургнфгз-п;27.08.2020;38,18;26116200
Сургнфгз-п;28.08.2020;37,47;24886200
Сургнфгз-п;31.08.2020;37,22;21308000
Сургнфгз-п;01.09.2020;37,245;15671200
Сургнфгз-п;02.09.2020;37,535;34659700
Сургнфгз-п;03.09.2020;36,955;28177000
Сургнфгз-п;04.09.2020;36,915;21908000
Сургнфгз-п;07.09.2020;37,2;13334400
Сургнфгз-п;08.09.2020;37,125;22865100
Сургнфгз-п;09.09.2020;37,485;20135800
Сургнфгз-п;10.09.2020;37,15;21798800
Сургнфгз-п;11.09.2020;37,1;13244500
Сургнфгз-п;14.09.2020;37,185;15910100
Сургнфгз-п;15.09.2020;37,47;23935300
Сургнфгз-п;16.09.2020;37,415;16028700
Сургнфгз-п;17.09.2020;37,45;20670700
Сургнфгз-п;18.09.2020;37,43;30464900
Сургнфгз-п;21.09.2020;37,565;24293500
Сургнфгз-п;22.09.2020;37,2;20107000
Сургнфгз-п;23.09.2020;37,305;26420600
Сургнфгз-п;24.09.2020;37,67;19708300
Сургнфгз-п;25.09.2020;38,24;34502500
Сургнфгз-п;28.09.2020;38,695;45448000
Сургнфгз-п;29.09.2020;39,52;77320600
Сургнфгз-п;30.09.2020;38,95;51582400
Сургнфгз-п;01.10.2020;39,225;57872400
Сургнфгз-п;02.10.2020;39,585;28507000
Сургнфгз-п;05.10.2020;39,375;18080700
Сургнфгз-п;06.10.2020;39,515;27800900
Сургнфгз-п;07.10.2020;38,59;29521100
Сургнфгз-п;08.10.2020;38,565;15285100
Сургнфгз-п;09.10.2020;37,91;28542500
Сургнфгз-п;12.10.2020;38,085;16991400
Сургнфгз-п;13.10.2020;37,78;20555800
Сургнфгз-п;14.10.2020;38,45;20011800
Сургнфгз-п;15.10.2020;38,21;19427400
Сургнфгз-п;16.10.2020;37,955;16577300
Сургнфгз-п;19.10.2020;37,795;11594700
Сургнфгз-п;20.10.2020;37,53;26333500
Сургнфгз-п;21.10.2020;37,485;19440900
Сургнфгз-п;22.10.2020;37,44;14895200
Сургнфгз-п;23.10.2020;37,27;13317200
Сургнфгз-п;26.10.2020;37,31;13670700
Сургнфгз-п;27.10.2020;37,215;21594600
Сургнфгз-п;28.10.2020;37,425;37963000
Сургнфгз-п;29.10.2020;37,075;46933900
Сургнфгз-п;30.10.2020;36,55;59593000
Сургнфгз-п;02.11.2020;37,26;48370100
Сургнфгз-п;03.11.2020;37,86;39309600
Сургнфгз-п;05.11.2020;37,995;34314800
Сургнфгз-п;06.11.2020;38,615;21267800
Сургнфгз-п;09.11.2020;38,4;46120700
Сургнфгз-п;10.11.2020;38,855;25676600
Сургнфгз-п;11.11.2020;38,6;34823000
Сургнфгз-п;12.11.2020;38,6;25345100
Сургнфгз-п;13.11.2020;39,135;31090600
Сургнфгз-п;16.11.2020;39,235;33862200
Сургнфгз-п;17.11.2020;38,81;57877600
Сургнфгз-п;18.11.2020;38,605;44550700
Сургнфгз-п;19.11.2020;38,69;38949300
Сургнфгз-п;20.11.2020;38,785;23366600
Сургнфгз-п;23.11.2020;38,99;18116600
Сургнфгз-п;24.11.2020;39,01;18767100
Сургнфгз-п;25.11.2020;39,47;40018600
Сургнфгз-п;26.11.2020;39,685;21278700
Сургнфгз-п;27.11.2020;40,16;41183100
